study,condition,tier,task_id,trial_id,passed,L1_pass,L2_pass,L3_pass,path_gain_mae_db,rss_grid_mae_db,sinr_err_db,ber_log_err,bler_log_err,throughput_re_pct,error
_killed_t1t4_train_0624,no_skill,U011,U011,1,True,True,,,,,,,,,
_killed_t1t4_train_0624,no_skill,U066,U066,1,True,True,,,,,,,,,
_killed_t1t4_train_0624,no_skill,U104,U104,1,False,True,,False,,,,,,,
_killed_t1t4_train_0624,no_skill,U107,U107,1,True,True,,True,,,,,,,
_killed_t1t4_train_0624,no_skill,U147,U147,1,True,True,,True,,,,,,,
_killed_t1t4_train_0624,with_skill,U017,U017,1,False,False,,,,,,,,,
_killed_t1t4_train_0624,with_skill,U038,U038,1,True,True,,,,,,,,,
_killed_t1t4_train_0624,with_skill,U071,U071,1,True,True,True,,,,,,,,
_killed_t1t4_train_0624,with_skill,U117,U117,1,True,True,,,,,,,,,
_killed_t1t4_train_0624,with_skill,U150,U150,1,True,True,,True,,,,,,,
_killed_tc20_c1_0902,no_skill,TC1,TC1_S04,1,False,True,False,True,,,,,,,
_killed_tc20_c1_0902,no_skill,TC1,TC1_S11,1,False,True,False,True,,,,,,,
_killed_tc20_c1_0902,no_skill,TC1,TC1_S12,1,False,True,False,True,,,,,,,
_killed_tc20_c1_0902,no_skill,TC1,TC1_S13,1,False,True,False,True,,,,,,,
_killed_tc20_c1_0902,no_skill,TC1,TC1_S14,1,False,True,False,True,,,,,,,
_killed_tc20_c1_0902,no_skill,TC1,TC1_S15,1,False,,,,,,,,,,
_killed_tc20_c1_0902,self_gen,TC1,TC1_S02,1,False,True,False,True,,,,,,,
_killed_tc20_c1_0902,self_gen,TC1,TC1_S03,1,False,True,False,True,,,,,,,
_killed_tc20_c1_0902,self_gen,TC1,TC1_S04,1,False,True,False,True,,,,,,,
_killed_tc20_c1_0902,self_gen,TC1,TC1_S13,1,False,True,False,True,,,,,,,
_killed_tc20_c1_0902,self_gen,TC1,TC1_S15,1,False,True,False,True,,,,,,,
_killed_tc20_c1_0902,with_skill,TC1,TC1_S04,1,True,True,True,True,,,,,,,
_killed_tc20_c1_0902,with_skill,TC1,TC1_S05,1,True,True,True,True,,,,,,,
_killed_tc20_c1_0902,with_skill,TC1,TC1_S14,1,False,,,,,,,,,,
_killed_tc20_c1_0902,with_skill,TC1,TC1_S15,1,True,True,True,True,,,,,,,
_killed_tc20_c1_0954,self_gen,TC1,TC1_S15,1,True,True,True,True,,,,,,,
_killed_tc20_c1_0954,with_skill,TC1,TC1_S04,1,True,True,True,True,,,,,,,
_killed_tc20_c1_0954,with_skill,TC1,TC1_S05,1,True,True,True,True,,,,,,,
_killed_tc_c2_0839,no_skill,TcE011,TcE011,1,False,True,False,True,,,,,,,
_killed_tc_c2_0839,no_skill,TcE012,TcE012,1,False,True,False,True,,,,,,,
_killed_tc_c2_0839,no_skill,TcH005,TcH005,1,False,True,False,True,,,,,,,
_killed_tc_c2_0839,no_skill,TcH006,TcH006,1,False,,,,,,,,,,
_killed_tc_c2_0839,no_skill,TcH007,TcH007,1,False,True,False,True,,,,,,,
_killed_tc_c2_0839,no_skill,TcH008,TcH008,1,False,True,False,True,,,,,,,
_killed_tc_c2_0839,self_gen,TcE011,TcE011,1,False,True,False,True,,,,,,,
_killed_tc_c2_0839,self_gen,TcE012,TcE012,1,False,True,False,True,,,,,,,
_killed_tc_c2_0839,self_gen,TcH005,TcH005,1,False,True,False,True,,,,,,,
_killed_tc_c2_0839,self_gen,TcH006,TcH006,1,False,True,False,False,,,,,,,
_killed_tc_c2_0839,self_gen,TcH008,TcH008,1,False,True,False,True,,,,,,,
_killed_tc_c2_0839,with_skill,TcE011,TcE011,1,False,True,False,True,,,,,,,
_killed_tc_c2_0839,with_skill,TcE012,TcE012,1,True,True,True,True,,,,,,,
_killed_tc_c2_0839,with_skill,TcH005,TcH005,1,False,True,False,True,,,,,,,
_killed_tc_c2_0839,with_skill,TcH006,TcH006,1,False,True,False,False,,,,,,,
_killed_tc_c2_0839,with_skill,TcH007,TcH007,1,False,True,False,False,,,,,,,
_killed_tc_c2_0839,with_skill,TcH008,TcH008,1,False,True,False,True,,,,,,,
n1_full_v10,no_skill,N1,N1_box_one_screen,1,False,True,False,False,,32.43927764892578,,,,,
n1_full_v10,no_skill,N1,N1_box_one_screen,2,False,True,False,True,,3.361701885751245e-07,,,,,
n1_full_v10,no_skill,N1,N1_box_one_screen,3,False,True,False,True,,1.497268726780021e-06,,,,,
n1_full_v10,no_skill,N1,N1_box_one_screen,4,False,True,False,True,,1.4400482086784905e-06,,,,,
n1_full_v10,no_skill,N1,N1_box_one_screen,5,True,True,True,True,,3.2424927098873013e-07,,,,,
n1_full_v10,no_skill,N1,N1_box_two_screens,1,False,True,False,True,,5.322694960341323e-06,,,,,
n1_full_v10,no_skill,N1,N1_box_two_screens,2,False,True,False,True,,5.3524972827290185e-06,,,,,
n1_full_v10,no_skill,N1,N1_box_two_screens,3,True,True,True,True,,5.328655333869392e-06,,,,,
n1_full_v10,no_skill,N1,N1_box_two_screens,4,False,True,False,True,,5.321502612787299e-06,,,,,
n1_full_v10,no_skill,N1,N1_box_two_screens,5,False,True,False,True,,1.3375282605920802e-06,,,,,
n1_full_v10,no_skill,N1,N1_etoile,1,False,True,False,True,,1.926434656240872e-08,,,,,
n1_full_v10,no_skill,N1,N1_etoile,2,True,True,True,True,,0.8823264837265015,,,,,
n1_full_v10,no_skill,N1,N1_etoile,3,True,True,True,True,,0.8823260657432076,,,,,
n1_full_v10,no_skill,N1,N1_etoile,4,False,True,False,True,,0.8823264837265015,,,,,
n1_full_v10,no_skill,N1,N1_etoile,5,True,True,True,True,,2.2831818213830957e-08,,,,,
n1_full_v10,no_skill,N1,N1_simple_street_canyon,1,True,True,True,True,,2.1268253326416016,,,,,
n1_full_v10,no_skill,N1,N1_simple_street_canyon,2,True,True,True,True,,2.1268231868743896,,,,,
n1_full_v10,no_skill,N1,N1_simple_street_canyon,3,False,True,False,True,,0.10718479752540588,,,,,
n1_full_v10,no_skill,N1,N1_simple_street_canyon,4,False,True,False,True,,2.1268231868743896,,,,,
n1_full_v10,no_skill,N1,N1_simple_street_canyon,5,False,True,False,True,,2.1268255710601807,,,,,
n1_full_v10,self_gen,N1,N1_box_one_screen,1,False,True,False,True,,0.2893510162830353,,,,,
n1_full_v10,self_gen,N1,N1_box_one_screen,2,True,True,True,True,,0.28935086727142334,,,,,
n1_full_v10,self_gen,N1,N1_box_one_screen,3,False,True,False,True,,0.28935086727142334,,,,,
n1_full_v10,self_gen,N1,N1_box_one_screen,4,True,True,True,True,,0.2893508970737457,,,,,
n1_full_v10,self_gen,N1,N1_box_one_screen,5,True,True,True,True,,3.1471253691961465e-07,,,,,
n1_full_v10,self_gen,N1,N1_box_two_screens,1,True,True,True,True,,2.7656554379973386e-07,,,,,
n1_full_v10,self_gen,N1,N1_box_two_screens,2,False,True,False,True,,3.2424927098873013e-07,,,,,
n1_full_v10,self_gen,N1,N1_box_two_screens,3,False,True,False,True,,5.357265308703063e-06,,,,,
n1_full_v10,self_gen,N1,N1_box_two_screens,4,False,True,False,True,,5.388259978644783e-06,,,,,
n1_full_v10,self_gen,N1,N1_box_two_screens,5,False,True,False,True,,5.424022674560547e-06,,,,,
n1_full_v10,self_gen,N1,N1_etoile,1,True,True,True,True,,2.35453114783013e-08,,,,,
n1_full_v10,self_gen,N1,N1_etoile,2,False,True,False,True,,3.466248936937541e-05,,,,,
n1_full_v10,self_gen,N1,N1_etoile,3,False,True,False,True,,3.262167228967883e-05,,,,,
n1_full_v10,self_gen,N1,N1_etoile,4,False,True,False,True,,2.5357587674079696e-06,,,,,
n1_full_v10,self_gen,N1,N1_etoile,5,True,True,True,True,,0.8823228478431702,,,,,
n1_full_v10,self_gen,N1,N1_simple_street_canyon,1,True,True,True,True,,0.10718479752540588,,,,,
n1_full_v10,self_gen,N1,N1_simple_street_canyon,2,False,True,False,True,,2.1268255177928914,,,,,
n1_full_v10,self_gen,N1,N1_simple_street_canyon,3,True,True,True,True,,0.10718576610088348,,,,,
n1_full_v10,self_gen,N1,N1_simple_street_canyon,4,False,True,False,True,,0.12337112426757812,,,,,
n1_full_v10,self_gen,N1,N1_simple_street_canyon,5,False,True,False,True,,0.595611572265625,,,,,
n1_full_v10,with_skill,N1,N1_box_one_screen,1,True,True,True,True,,0.2893509566783905,,,,,
n1_full_v10,with_skill,N1,N1_box_one_screen,2,True,True,True,True,,7.724761985627993e-07,,,,,
n1_full_v10,with_skill,N1,N1_box_one_screen,3,True,True,True,True,,0.2893509566783905,,,,,
n1_full_v10,with_skill,N1,N1_box_one_screen,4,True,True,True,True,,0.28935091257095336,,,,,
n1_full_v10,with_skill,N1,N1_box_two_screens,1,True,True,True,True,,5.478858838614542e-06,,,,,
n1_full_v10,with_skill,N1,N1_box_two_screens,2,True,True,True,True,,5.514621534530306e-06,,,,,
n1_full_v10,with_skill,N1,N1_box_two_screens,3,True,True,True,True,,5.509853508556262e-06,,,,,
n1_full_v10,with_skill,N1,N1_box_two_screens,4,True,True,True,True,,5.388259864957945e-07,,,,,
n1_full_v10,with_skill,N1,N1_box_two_screens,5,True,True,True,True,,3.170967204368935e-07,,,,,
n1_full_v10,with_skill,N1,N1_etoile,1,True,True,True,True,,0.0895538330078125,,,,,
n1_full_v10,with_skill,N1,N1_etoile,2,True,True,True,True,,0.0758819580078125,,,,,
n1_full_v10,with_skill,N1,N1_etoile,3,True,True,True,True,,0.11421356201171307,,,,,
n1_full_v10,with_skill,N1,N1_etoile,4,True,True,True,True,,0.11421356201171307,,,,,
n1_full_v10,with_skill,N1,N1_etoile,5,True,True,True,True,,6.371504355229263e-07,,,,,
n1_full_v10,with_skill,N1,N1_simple_street_canyon,1,True,True,True,True,,0.10313003540039034,,,,,
n1_full_v10,with_skill,N1,N1_simple_street_canyon,2,True,True,True,True,,0.10313003540039034,,,,,
n1_full_v10,with_skill,N1,N1_simple_street_canyon,3,True,True,True,True,,0.12337112426757812,,,,,
n1_full_v10,with_skill,N1,N1_simple_street_canyon,4,True,True,True,True,,0.10313003540039034,,,,,
n1_full_v10,with_skill,N1,N1_simple_street_canyon,5,True,True,True,True,,0.1351318359375,,,,,
n1_smoke_v10,with_skill,N1,N1_box_two_screens,1,False,True,False,True,,5.125999678057269e-07,,,,,
n1_v2_full,no_skill,N1,N1_cov_box_one_screen,1,False,True,False,False,,32.43926964126224,,,,,
n1_v2_full,no_skill,N1,N1_cov_box_one_screen,3,False,True,False,True,,,,,,,
n1_v2_full,no_skill,N1,N1_cov_box_one_screen,4,False,True,False,True,,2.5795154571533203,,,,,
n1_v2_full,no_skill,N1,N1_cov_box_two_screens,1,False,True,False,True,,,,,,,
n1_v2_full,no_skill,N1,N1_cov_box_two_screens,3,False,True,False,True,,2.4170093536376953,,,,,
n1_v2_full,no_skill,N1,N1_cov_etoile,1,False,True,True,False,,,,,,,
n1_v2_full,no_skill,N1,N1_cov_etoile,2,False,True,True,False,,,,,,,
n1_v2_full,no_skill,N1,N1_cov_etoile,3,False,True,False,False,,11.238975524902344,,,,,
n1_v2_full,no_skill,N1,N1_cov_etoile,5,False,True,True,False,,,,,,,
n1_v2_full,no_skill,N1,N1_cov_simple_street_canyon,3,False,True,False,False,,,,,,,
n1_v2_full,no_skill,N1,N1_cov_simple_street_canyon,4,False,True,False,False,,,,,,,
n1_v2_full,no_skill,N1,N1_cov_simple_street_canyon,5,False,True,False,False,,,,,,,
n1_v2_full,no_skill,N1,N1_probe_box_one_screen,2,False,True,False,False,,,,,,,
n1_v2_full,no_skill,N1,N1_probe_box_one_screen,3,False,True,False,False,,,,,,,
n1_v2_full,no_skill,N1,N1_probe_box_one_screen,4,False,True,False,False,,,,,,,
n1_v2_full,no_skill,N1,N1_probe_box_one_screen,5,False,True,False,False,,,,,,,
n1_v2_full,no_skill,N1,N1_probe_box_two_screens,1,False,True,False,False,,,,,,,
n1_v2_full,no_skill,N1,N1_probe_box_two_screens,2,False,True,False,False,,,,,,,
n1_v2_full,no_skill,N1,N1_probe_box_two_screens,5,False,True,True,False,,,,,,,
n1_v2_full,no_skill,N1,N1_probe_etoile,1,False,True,False,False,,,,,,,
n1_v2_full,no_skill,N1,N1_probe_etoile,3,False,True,False,False,,,,,,,
n1_v2_full,no_skill,N1,N1_probe_etoile,5,False,True,False,False,,,,,,,
n1_v2_full,no_skill,N1,N1_probe_simple_street_canyon,1,False,True,False,False,,,,,,,
n1_v2_full,no_skill,N1,N1_probe_simple_street_canyon,4,False,True,False,False,,,,,,,
n1_v2_full,self_gen,N1,N1_cov_box_one_screen,1,True,True,True,True,,2.5899300575256348,,,,,
n1_v2_full,self_gen,N1,N1_cov_box_one_screen,2,False,True,False,False,,,,,,,
n1_v2_full,self_gen,N1,N1_cov_box_one_screen,3,True,True,True,True,,,,,,,
n1_v2_full,self_gen,N1,N1_cov_box_one_screen,4,False,True,True,False,,,,,,,
n1_v2_full,self_gen,N1,N1_cov_box_two_screens,1,False,True,False,True,,,,,,,
n1_v2_full,self_gen,N1,N1_cov_etoile,3,False,True,True,False,,,,,,,
n1_v2_full,self_gen,N1,N1_cov_etoile,4,False,True,False,False,,11.238533020019531,,,,,
n1_v2_full,self_gen,N1,N1_cov_etoile,5,False,True,True,False,,,,,,,
n1_v2_full,self_gen,N1,N1_cov_simple_street_canyon,1,False,True,False,False,,16.935977935791016,,,,,
n1_v2_full,self_gen,N1,N1_cov_simple_street_canyon,3,False,True,True,False,,,,,,,
n1_v2_full,self_gen,N1,N1_cov_simple_street_canyon,4,False,True,False,False,,,,,,,
n1_v2_full,self_gen,N1,N1_cov_simple_street_canyon,5,False,True,False,False,,,,,,,
n1_v2_full,self_gen,N1,N1_probe_box_one_screen,3,False,True,True,False,,,,,,,
n1_v2_full,self_gen,N1,N1_probe_box_two_screens,2,False,True,False,False,,,,,,,
n1_v2_full,self_gen,N1,N1_probe_box_two_screens,3,False,True,True,False,,,,,,,
n1_v2_full,self_gen,N1,N1_probe_box_two_screens,4,False,True,False,False,,,,,,,
n1_v2_full,self_gen,N1,N1_probe_box_two_screens,5,False,True,False,False,,,,,,,
n1_v2_full,self_gen,N1,N1_probe_etoile,1,False,True,False,False,,,,,,,
n1_v2_full,self_gen,N1,N1_probe_etoile,2,False,True,True,False,,,,,,,
n1_v2_full,self_gen,N1,N1_probe_etoile,3,False,True,True,False,,,,,,,
n1_v2_full,self_gen,N1,N1_probe_etoile,5,False,True,True,False,,,,,,,
n1_v2_full,self_gen,N1,N1_probe_simple_street_canyon,2,False,True,True,False,,,,,,,
n1_v2_full,self_gen,N1,N1_probe_simple_street_canyon,3,False,True,False,False,,,,,,,
n1_v2_full,self_gen,N1,N1_probe_simple_street_canyon,5,False,True,True,False,,,,,,,
n1_v2_full,with_skill,N1,N1_cov_box_one_screen,1,True,True,True,True,,0.47898024320602417,,,,,
n1_v2_full,with_skill,N1,N1_cov_box_one_screen,2,True,True,True,True,,0.2893509268760681,,,,,
n1_v2_full,with_skill,N1,N1_cov_box_one_screen,3,True,True,True,True,,0.4789801836013794,,,,,
n1_v2_full,with_skill,N1,N1_cov_box_one_screen,4,False,True,True,False,,0.14073379516601392,,,,,
n1_v2_full,with_skill,N1,N1_cov_box_one_screen,5,True,True,True,True,,0.2893509566783905,,,,,
n1_v2_full,with_skill,N1,N1_cov_box_two_screens,1,True,True,True,True,,5.4717065722798e-06,,,,,
n1_v2_full,with_skill,N1,N1_cov_box_two_screens,2,True,True,True,True,,5.512237748916959e-06,,,,,
n1_v2_full,with_skill,N1,N1_cov_box_two_screens,3,True,True,True,True,,5.490780040418031e-06,,,,,
n1_v2_full,with_skill,N1,N1_cov_box_two_screens,4,True,True,True,True,,5.519390015251702e-06,,,,,
n1_v2_full,with_skill,N1,N1_cov_box_two_screens,5,True,True,True,True,,5.500316547113471e-06,,,,,
n1_v2_full,with_skill,N1,N1_cov_etoile,1,False,True,False,True,,3.296914292150177e-05,,,,,
n1_v2_full,with_skill,N1,N1_cov_etoile,2,True,True,True,True,,3.296914292150177e-05,,,,,
n1_v2_full,with_skill,N1,N1_cov_etoile,3,True,True,True,True,,3.296771683380939e-05,,,,,
n1_v2_full,with_skill,N1,N1_cov_etoile,4,False,True,False,False,,,,,,,
n1_v2_full,with_skill,N1,N1_cov_etoile,5,False,True,False,False,,29.342233358022185,,,,,
n1_v2_full,with_skill,N1,N1_cov_simple_street_canyon,1,True,True,True,True,,0.10718539357185364,,,,,
n1_v2_full,with_skill,N1,N1_cov_simple_street_canyon,2,False,True,False,False,,3.9255349360385097,,,,,
n1_v2_full,with_skill,N1,N1_cov_simple_street_canyon,3,False,True,False,True,,0.10718539357185364,,,,,
n1_v2_full,with_skill,N1,N1_cov_simple_street_canyon,4,True,True,True,True,,0.10718540102243423,,,,,
n1_v2_full,with_skill,N1,N1_cov_simple_street_canyon,5,False,True,False,True,,0.10718540102243423,,,,,
n1_v2_full,with_skill,N1,N1_probe_box_one_screen,1,True,True,True,True,,,,,,,
n1_v2_full,with_skill,N1,N1_probe_box_one_screen,2,True,True,True,True,,,,,,,
n1_v2_full,with_skill,N1,N1_probe_box_one_screen,3,True,True,True,True,,,,,,,
n1_v2_full,with_skill,N1,N1_probe_box_one_screen,4,True,True,True,True,,,,,,,
n1_v2_full,with_skill,N1,N1_probe_box_one_screen,5,True,True,True,True,,,,,,,
n1_v2_full,with_skill,N1,N1_probe_box_two_screens,1,True,True,True,True,,,,,,,
n1_v2_full,with_skill,N1,N1_probe_box_two_screens,2,True,True,True,True,,,,,,,
n1_v2_full,with_skill,N1,N1_probe_box_two_screens,3,True,True,True,True,,,,,,,
n1_v2_full,with_skill,N1,N1_probe_box_two_screens,4,True,True,True,True,,,,,,,
n1_v2_full,with_skill,N1,N1_probe_box_two_screens,5,True,True,True,True,,,,,,,
n1_v2_full,with_skill,N1,N1_probe_etoile,1,True,True,True,True,,,,,,,
n1_v2_full,with_skill,N1,N1_probe_etoile,2,True,True,True,True,,,,,,,
n1_v2_full,with_skill,N1,N1_probe_etoile,3,True,True,True,True,,,,,,,
n1_v2_full,with_skill,N1,N1_probe_etoile,4,False,True,True,False,,,,,,,
n1_v2_full,with_skill,N1,N1_probe_etoile,5,True,True,True,True,,,,,,,
n1_v2_full,with_skill,N1,N1_probe_simple_street_canyon,1,True,True,True,True,,,,,,,
n1_v2_full,with_skill,N1,N1_probe_simple_street_canyon,2,True,True,True,True,,,,,,,
n1_v2_full,with_skill,N1,N1_probe_simple_street_canyon,3,True,True,True,True,,,,,,,
n1_v2_full,with_skill,N1,N1_probe_simple_street_canyon,4,True,True,True,True,,,,,,,
n1_v2_full,with_skill,N1,N1_probe_simple_street_canyon,5,True,True,True,True,,,,,,,
n1_v2_smoke,with_skill,N1,N1_probe_box_two_screens,1,False,True,False,True,,,,,,,
n2_full_v10,no_skill,N2,N2_box_one_screen,1,True,True,True,True,,16.11302375793457,,,,,
n2_full_v10,no_skill,N2,N2_box_one_screen,2,True,True,True,True,,16.11302375793457,,,,,
n2_full_v10,no_skill,N2,N2_box_one_screen,3,True,True,True,True,,16.11302375793457,,,,,
n2_full_v10,no_skill,N2,N2_box_one_screen,4,True,True,True,True,,16.113024022453445,,,,,
n2_full_v10,no_skill,N2,N2_box_one_screen,5,False,True,False,True,,16.11302375793457,,,,,
n2_full_v10,no_skill,N2,N2_box_two_screens,1,False,True,False,True,,2.574920756615029e-07,,,,,
n2_full_v10,no_skill,N2,N2_box_two_screens,2,False,True,False,True,,2.2411346378703456e-07,,,,,
n2_full_v10,no_skill,N2,N2_box_two_screens,3,False,True,False,True,,2.4080276489257813e-07,,,,,
n2_full_v10,no_skill,N2,N2_box_two_screens,4,False,True,False,True,,1.3899802979722153e-06,,,,,
n2_full_v10,no_skill,N2,N2_box_two_screens,5,False,True,False,True,,3.147125244140625e-07,,,,,
n2_full_v10,no_skill,N2,N2_etoile,1,False,True,False,True,,29.386003494262695,,,,,
n2_full_v10,no_skill,N2,N2_etoile,2,False,True,False,True,,29.386005401611328,,,,,
n2_full_v10,no_skill,N2,N2_etoile,3,False,True,False,True,,29.386005401611328,,,,,
n2_full_v10,no_skill,N2,N2_etoile,4,False,True,False,True,,29.386003494262695,,,,,
n2_full_v10,no_skill,N2,N2_etoile,5,False,True,False,True,,29.386004015104533,,,,,
n2_full_v10,no_skill,N2,N2_simple_street_canyon,1,True,True,True,True,,9.373704238958235,,,,,
n2_full_v10,no_skill,N2,N2_simple_street_canyon,2,True,True,True,True,,9.373704392071994,,,,,
n2_full_v10,no_skill,N2,N2_simple_street_canyon,3,True,True,True,True,,9.373704276438884,,,,,
n2_full_v10,no_skill,N2,N2_simple_street_canyon,4,False,True,False,True,,9.373704391545594,,,,,
n2_full_v10,no_skill,N2,N2_simple_street_canyon,5,False,True,False,True,,9.373703956604004,,,,,
n2_full_v10,self_gen,N2,N2_box_one_screen,1,False,True,False,True,,16.11302375793457,,,,,
n2_full_v10,self_gen,N2,N2_box_one_screen,2,True,True,True,True,,16.11302375793457,,,,,
n2_full_v10,self_gen,N2,N2_box_one_screen,3,False,True,False,True,,16.113025665283203,,,,,
n2_full_v10,self_gen,N2,N2_box_one_screen,4,True,True,True,True,,16.113025665283203,,,,,
n2_full_v10,self_gen,N2,N2_box_one_screen,5,True,True,True,True,,16.1130240132165,,,,,
n2_full_v10,self_gen,N2,N2_box_two_screens,1,False,True,False,True,,1.4019012724020286e-06,,,,,
n2_full_v10,self_gen,N2,N2_box_two_screens,2,False,True,False,True,,2.3365021206700476e-07,,,,,
n2_full_v10,self_gen,N2,N2_box_two_screens,3,False,True,False,True,,1.398324911860982e-06,,,,,
n2_full_v10,self_gen,N2,N2_box_two_screens,4,True,True,True,True,,1.5240778544844957e-06,,,,,
n2_full_v10,self_gen,N2,N2_box_two_screens,5,False,True,False,True,,2.527236802052357e-07,,,,,
n2_full_v10,self_gen,N2,N2_etoile,1,False,True,False,True,,29.386005401611328,,,,,
n2_full_v10,self_gen,N2,N2_etoile,2,False,True,False,True,,29.386004014512388,,,,,
n2_full_v10,self_gen,N2,N2_etoile,3,True,True,True,True,,29.386003494262695,,,,,
n2_full_v10,self_gen,N2,N2_etoile,4,True,True,True,True,,29.38600401458966,,,,,
n2_full_v10,self_gen,N2,N2_etoile,5,True,True,True,True,,29.386005401611328,,,,,
n2_full_v10,self_gen,N2,N2_simple_street_canyon,1,True,True,True,True,,9.373703956604004,,,,,
n2_full_v10,self_gen,N2,N2_simple_street_canyon,2,True,True,True,True,,9.373703956604004,,,,,
n2_full_v10,self_gen,N2,N2_simple_street_canyon,3,True,True,True,True,,9.373703956604004,,,,,
n2_full_v10,self_gen,N2,N2_simple_street_canyon,4,False,True,False,True,,9.373703956604004,,,,,
n2_full_v10,self_gen,N2,N2_simple_street_canyon,5,True,True,True,True,,9.373704392249019,,,,,
n2_full_v10,with_skill,N2,N2_box_one_screen,1,True,True,True,True,,16.11302375793457,,,,,
n2_full_v10,with_skill,N2,N2_box_one_screen,2,True,True,True,True,,16.11302375793457,,,,,
n2_full_v10,with_skill,N2,N2_box_one_screen,3,True,True,True,True,,16.11302375793457,,,,,
n2_full_v10,with_skill,N2,N2_box_one_screen,4,True,True,True,True,,16.11302375793457,,,,,
n2_full_v10,with_skill,N2,N2_box_one_screen,5,True,True,True,True,,16.11302375793457,,,,,
n2_full_v10,with_skill,N2,N2_box_two_screens,1,True,True,True,True,,3.2901763802328787e-07,,,,,
n2_full_v10,with_skill,N2,N2_box_two_screens,2,True,True,True,True,,3.0040740966796875e-07,,,,,
n2_full_v10,with_skill,N2,N2_box_two_screens,3,True,True,True,True,,1.3828278042637976e-06,,,,,
n2_full_v10,with_skill,N2,N2_box_two_screens,4,True,True,True,True,,3.194809039541724e-07,,,,,
n2_full_v10,with_skill,N2,N2_box_two_screens,5,True,True,True,True,,3.600120521696226e-07,,,,,
n2_full_v10,with_skill,N2,N2_etoile,1,True,True,True,True,,29.386003494262695,,,,,
n2_full_v10,with_skill,N2,N2_etoile,2,True,True,True,True,,29.386003494262695,,,,,
n2_full_v10,with_skill,N2,N2_etoile,3,True,True,True,True,,29.386003494262695,,,,,
n2_full_v10,with_skill,N2,N2_etoile,4,True,True,True,True,,29.386003494262695,,,,,
n2_full_v10,with_skill,N2,N2_etoile,5,True,True,True,True,,29.386003494262695,,,,,
n2_full_v10,with_skill,N2,N2_simple_street_canyon,1,True,True,True,True,,9.373703956604004,,,,,
n2_full_v10,with_skill,N2,N2_simple_street_canyon,2,True,True,True,True,,9.37370425061888,,,,,
n2_full_v10,with_skill,N2,N2_simple_street_canyon,3,True,True,True,True,,9.373703956604004,,,,,
n2_full_v10,with_skill,N2,N2_simple_street_canyon,4,True,True,True,True,,9.373703956604004,,,,,
n2_full_v10,with_skill,N2,N2_simple_street_canyon,5,True,True,True,True,,9.373703956604004,,,,,
n2_v2_full,no_skill,N2,N2_antenna_etoile,1,False,True,False,False,,,,,,,
n2_v2_full,no_skill,N2,N2_antenna_etoile,2,False,True,True,False,,,,,,,
n2_v2_full,no_skill,N2,N2_antenna_etoile,5,False,True,True,False,,,,,,,
n2_v2_full,no_skill,N2,N2_freq_box_two_screens,1,False,True,True,False,,2.468482255935669,,,,,
n2_v2_full,no_skill,N2,N2_freq_box_two_screens,2,False,True,False,False,,2.4693901538848877,,,,,
n2_v2_full,no_skill,N2,N2_freq_box_two_screens,3,False,True,False,False,,,,,,,
n2_v2_full,no_skill,N2,N2_freq_box_two_screens,4,False,True,True,False,,2.468916893005371,,,,,
n2_v2_full,no_skill,N2,N2_freq_box_two_screens,5,False,True,False,False,,,,,,,
n2_v2_full,no_skill,N2,N2_position_simple_street_canyon,1,False,True,True,False,,,,,,,
n2_v2_full,no_skill,N2,N2_position_simple_street_canyon,2,False,True,False,False,,,,,,,
n2_v2_full,no_skill,N2,N2_position_simple_street_canyon,3,False,True,False,False,,,,,,,
n2_v2_full,no_skill,N2,N2_position_simple_street_canyon,4,False,True,True,False,,,,,,,
n2_v2_full,no_skill,N2,N2_position_simple_street_canyon,5,False,True,False,False,,,,,,,
n2_v2_full,no_skill,N2,N2_power_box_one_screen,1,False,True,False,False,,,,,,,
n2_v2_full,no_skill,N2,N2_power_box_one_screen,2,False,True,False,False,,,,,,,
n2_v2_full,no_skill,N2,N2_power_box_one_screen,4,False,True,False,False,,,,,,,
n2_v2_full,no_skill,N2,N2_power_box_one_screen,5,False,True,False,False,,,,,,,
n2_v2_full,self_gen,N2,N2_antenna_etoile,2,False,True,True,False,,,,,,,
n2_v2_full,self_gen,N2,N2_antenna_etoile,5,False,True,True,False,,,,,,,
n2_v2_full,self_gen,N2,N2_freq_box_two_screens,1,False,True,False,False,,,,,,,
n2_v2_full,self_gen,N2,N2_freq_box_two_screens,2,False,True,False,False,,,,,,,
n2_v2_full,self_gen,N2,N2_position_simple_street_canyon,1,False,True,False,False,,,,,,,
n2_v2_full,self_gen,N2,N2_position_simple_street_canyon,2,False,True,False,False,,,,,,,
n2_v2_full,self_gen,N2,N2_position_simple_street_canyon,4,False,True,True,False,,,,,,,
n2_v2_full,self_gen,N2,N2_position_simple_street_canyon,5,False,True,False,False,,,,,,,
n2_v2_full,self_gen,N2,N2_power_box_one_screen,1,False,True,False,False,,,,,,,
n2_v2_full,self_gen,N2,N2_power_box_one_screen,2,False,True,False,False,,,,,,,
n2_v2_full,self_gen,N2,N2_power_box_one_screen,3,False,True,False,False,,,,,,,
n2_v2_full,self_gen,N2,N2_power_box_one_screen,4,False,True,False,False,,,,,,,
n2_v2_full,with_skill,N2,N2_antenna_etoile,1,True,True,True,True,,,,,,,
n2_v2_full,with_skill,N2,N2_antenna_etoile,2,True,True,True,True,,,,,,,
n2_v2_full,with_skill,N2,N2_antenna_etoile,3,True,True,True,True,,,,,,,
n2_v2_full,with_skill,N2,N2_antenna_etoile,4,True,True,True,True,,,,,,,
n2_v2_full,with_skill,N2,N2_antenna_etoile,5,False,True,True,False,,,,,,,
n2_v2_full,with_skill,N2,N2_freq_box_two_screens,1,True,True,True,True,,2.7656554379973386e-07,,,,,
n2_v2_full,with_skill,N2,N2_freq_box_two_screens,2,True,True,True,True,,3.457069510659494e-07,,,,,
n2_v2_full,with_skill,N2,N2_freq_box_two_screens,3,True,True,True,True,,3.1232832498062635e-07,,,,,
n2_v2_full,with_skill,N2,N2_freq_box_two_screens,4,False,True,False,False,,10.368988990783691,,,,,
n2_v2_full,with_skill,N2,N2_freq_box_two_screens,5,True,True,True,True,,0.36819523572921753,,,,,
n2_v2_full,with_skill,N2,N2_position_simple_street_canyon,1,True,True,True,True,,,,,,,
n2_v2_full,with_skill,N2,N2_position_simple_street_canyon,2,True,True,True,True,,,,,,,
n2_v2_full,with_skill,N2,N2_position_simple_street_canyon,3,True,True,True,True,,,,,,,
n2_v2_full,with_skill,N2,N2_position_simple_street_canyon,4,True,True,True,True,,,,,,,
n2_v2_full,with_skill,N2,N2_position_simple_street_canyon,5,True,True,True,True,,,,,,,
n2_v2_full,with_skill,N2,N2_power_box_one_screen,1,True,True,True,True,,,,,,,
n2_v2_full,with_skill,N2,N2_power_box_one_screen,2,True,True,True,True,,,,,,,
n2_v2_full,with_skill,N2,N2_power_box_one_screen,3,True,True,True,True,,,,,,,
n2_v2_full,with_skill,N2,N2_power_box_one_screen,4,True,True,True,True,,,,,,,
n2_v2_full,with_skill,N2,N2_power_box_one_screen,5,True,True,True,True,,,,,,,
n2_v2_smoke,with_skill,N2,N2_power_box_one_screen,1,True,True,True,True,,,,,,,
n3_p2_l2_all,no_skill,N3,N3_2ap_box_one_screen,1,True,True,True,True,,1.9465981721878052,,,,,
n3_p2_l2_all,no_skill,N3,N3_2ap_box_one_screen,2,True,True,True,True,,1.944052882194519,,,,,
n3_p2_l2_all,no_skill,N3,N3_2ap_box_one_screen,3,True,True,True,True,,1.9443042278289795,,,,,
n3_p2_l2_all,no_skill,N3,N3_2ap_box_one_screen,4,True,True,True,True,,1.9440529012680055,,,,,
n3_p2_l2_all,no_skill,N3,N3_2ap_box_one_screen,5,True,True,True,True,,1.94315505027771,,,,,
n3_p2_l2_all,no_skill,N3,N3_2ap_box_two_screens,1,False,True,True,False,,2.045969889163971,,,,,
n3_p2_l2_all,no_skill,N3,N3_2ap_box_two_screens,2,False,True,True,False,,2.0482981204986572,,,,,
n3_p2_l2_all,no_skill,N3,N3_2ap_box_two_screens,3,False,True,True,False,,2.045123815536499,,,,,
n3_p2_l2_all,no_skill,N3,N3_2ap_box_two_screens,4,False,True,True,False,,2.045969865322113,,,,,
n3_p2_l2_all,no_skill,N3,N3_2ap_box_two_screens,5,False,True,True,False,,2.0482980680465697,,,,,
n3_p2_l2_all,no_skill,N3,N3_2ap_etoile,1,False,True,True,False,,,,,,,
n3_p2_l2_all,no_skill,N3,N3_2ap_etoile,3,False,True,True,False,,,,,,,
n3_p2_l2_all,no_skill,N3,N3_2ap_etoile,4,False,True,True,False,,,,,,,
n3_p2_l2_all,no_skill,N3,N3_2ap_etoile,5,False,True,True,False,,,,,,,
n3_p2_l2_all,no_skill,N3,N3_2ap_simple_street_canyon,1,False,False,True,False,,,,,,,
n3_p2_l2_all,no_skill,N3,N3_2ap_simple_street_canyon,2,False,True,True,False,,,,,,,
n3_p2_l2_all,no_skill,N3,N3_2ap_simple_street_canyon,3,False,True,True,False,,3.4835059252082563,,,,,
n3_p2_l2_all,no_skill,N3,N3_2ap_simple_street_canyon,4,False,True,True,False,,,,,,,
n3_p2_l2_all,no_skill,N3,N3_2ap_simple_street_canyon,5,False,True,True,False,,3.464663028717041,,,,,
n3_p2_l2_all,no_skill,N4,N4_ber_16qam_awgn,1,False,True,True,False,,,,,,,
n3_p2_l2_all,no_skill,N4,N4_ber_16qam_awgn,2,False,True,True,False,,,,,,,
n3_p2_l2_all,no_skill,N4,N4_ber_16qam_awgn,4,True,True,True,True,,,,,,,
n3_p2_l2_all,no_skill,N4,N4_ber_16qam_awgn,5,True,True,True,True,,,,,,,
n3_p2_l2_all,no_skill,N4,N4_ber_qpsk_awgn,2,False,True,True,False,,,,,,,
n3_p2_l2_all,no_skill,N4,N4_ber_qpsk_awgn,3,True,True,True,True,,,,,,,
n3_p2_l2_all,no_skill,N4,N4_ber_qpsk_awgn,4,True,True,True,True,,,,,,,
n3_p2_l2_all,no_skill,N4,N4_ber_qpsk_awgn,5,False,True,True,False,,,,,,,
n3_p2_l2_all,self_gen,N3,N3_2ap_box_one_screen,1,True,True,True,True,,0.21802539825439454,,,,,
n3_p2_l2_all,self_gen,N3,N3_2ap_box_one_screen,2,True,True,True,True,,1.9440526962280273,,,,,
n3_p2_l2_all,self_gen,N3,N3_2ap_box_one_screen,3,True,True,True,True,,1.9440528655052185,,,,,
n3_p2_l2_all,self_gen,N3,N3_2ap_box_one_screen,4,True,True,True,True,,1.9440528774261474,,,,,
n3_p2_l2_all,self_gen,N3,N3_2ap_box_one_screen,5,True,True,True,True,,1.9440528798103331,,,,,
n3_p2_l2_all,self_gen,N3,N3_2ap_box_two_screens,1,False,True,True,False,,2.0459698748588564,,,,,
n3_p2_l2_all,self_gen,N3,N3_2ap_box_two_screens,2,False,True,True,False,,2.0459698605537415,,,,,
n3_p2_l2_all,self_gen,N3,N3_2ap_box_two_screens,3,True,True,True,True,,1.3899803161621094e-06,,,,,
n3_p2_l2_all,self_gen,N3,N3_2ap_box_two_screens,4,False,True,True,False,,2.045969877243042,,,,,
n3_p2_l2_all,self_gen,N3,N3_2ap_box_two_screens,5,False,True,True,False,,2.0459699630737305,,,,,
n3_p2_l2_all,self_gen,N3,N3_2ap_etoile,1,False,True,True,False,,,,,,,
n3_p2_l2_all,self_gen,N3,N3_2ap_etoile,3,False,True,True,False,,,,,,,
n3_p2_l2_all,self_gen,N3,N3_2ap_etoile,4,False,True,True,False,,,,,,,
n3_p2_l2_all,self_gen,N3,N3_2ap_etoile,5,False,True,True,False,,,,,,,
n3_p2_l2_all,self_gen,N3,N3_2ap_simple_street_canyon,1,False,True,True,False,,,,,,,
n3_p2_l2_all,self_gen,N3,N3_2ap_simple_street_canyon,2,False,True,True,False,,,,,,,
n3_p2_l2_all,self_gen,N3,N3_2ap_simple_street_canyon,3,False,True,True,False,,,,,,,
n3_p2_l2_all,self_gen,N3,N3_2ap_simple_street_canyon,4,False,True,True,False,,3.545784822605178,,,,,
n3_p2_l2_all,self_gen,N3,N3_2ap_simple_street_canyon,5,False,True,True,False,,,,,,,
n3_p2_l2_all,self_gen,N4,N4_ber_16qam_awgn,1,True,True,True,True,,,,,,,
n3_p2_l2_all,self_gen,N4,N4_ber_16qam_awgn,2,True,True,True,True,,,,,,,
n3_p2_l2_all,self_gen,N4,N4_ber_16qam_awgn,3,True,True,True,True,,,,,,,
n3_p2_l2_all,self_gen,N4,N4_ber_16qam_awgn,4,True,True,True,True,,,,,,,
n3_p2_l2_all,self_gen,N4,N4_ber_16qam_awgn,5,True,True,True,True,,,,,,,
n3_p2_l2_all,self_gen,N4,N4_ber_qpsk_awgn,1,True,True,True,True,,,,,,,
n3_p2_l2_all,self_gen,N4,N4_ber_qpsk_awgn,2,False,True,True,False,,,,,,,
n3_p2_l2_all,self_gen,N4,N4_ber_qpsk_awgn,3,True,True,True,True,,,,,,,
n3_p2_l2_all,self_gen,N4,N4_ber_qpsk_awgn,4,False,True,True,False,,,,,,,
n3_p2_l2_all,with_skill,N3,N3_2ap_box_one_screen,1,True,True,True,True,,0.2511122524738312,,,,,
n3_p2_l2_all,with_skill,N3,N3_2ap_box_one_screen,2,True,True,True,True,,1.9311904964069981e-07,,,,,
n3_p2_l2_all,with_skill,N3,N3_2ap_box_one_screen,3,True,True,True,True,,2.217292802697557e-07,,,,,
n3_p2_l2_all,with_skill,N3,N3_2ap_box_one_screen,4,True,True,True,True,,1.9440529346466064,,,,,
n3_p2_l2_all,with_skill,N3,N3_2ap_box_one_screen,5,True,True,True,True,,1.6927718604620168e-07,,,,,
n3_p2_l2_all,with_skill,N3,N3_2ap_box_two_screens,1,True,True,True,True,,1.6927718604620168e-07,,,,,
n3_p2_l2_all,with_skill,N3,N3_2ap_box_two_screens,2,True,True,True,True,,2.121925319897855e-07,,,,,
n3_p2_l2_all,with_skill,N3,N3_2ap_box_two_screens,3,True,True,True,True,,2.1696091323519795e-07,,,,,
n3_p2_l2_all,with_skill,N3,N3_2ap_box_two_screens,4,True,True,True,True,,0.2888633906841278,,,,,
n3_p2_l2_all,with_skill,N3,N3_2ap_box_two_screens,5,False,True,True,False,,2.0459699630737305,,,,,
n3_p2_l2_all,with_skill,N3,N3_2ap_etoile,1,True,True,True,True,,1.050591391660305e-09,,,,,
n3_p2_l2_all,with_skill,N3,N3_2ap_etoile,2,False,True,True,False,,,,,,,
n3_p2_l2_all,with_skill,N3,N3_2ap_etoile,3,True,True,True,True,,4.20236556664122e-09,,,,,
n3_p2_l2_all,with_skill,N3,N3_2ap_etoile,4,True,True,True,True,,0.0,,,,,
n3_p2_l2_all,with_skill,N3,N3_2ap_etoile,5,True,True,True,True,,3.6770697597887647e-09,,,,,
n3_p2_l2_all,with_skill,N3,N3_2ap_simple_street_canyon,1,True,True,True,True,,7.3347807827417455e-09,,,,,
n3_p2_l2_all,with_skill,N3,N3_2ap_simple_street_canyon,2,True,True,True,True,,7.3347807827417455e-09,,,,,
n3_p2_l2_all,with_skill,N3,N3_2ap_simple_street_canyon,3,True,True,True,True,,7.946012570601666e-09,,,,,
n3_p2_l2_all,with_skill,N3,N3_2ap_simple_street_canyon,4,True,True,True,True,,7.3347807827417455e-09,,,,,
n3_p2_l2_all,with_skill,N3,N3_2ap_simple_street_canyon,5,True,True,True,True,,9.168475756382577e-09,,,,,
n3_p2_l2_all,with_skill,N4,N4_ber_16qam_awgn,1,True,True,True,True,,,,0.02263847416895546,,,
n3_p2_l2_all,with_skill,N4,N4_ber_16qam_awgn,2,True,True,True,True,,,,0.004354735091372674,,,
n3_p2_l2_all,with_skill,N4,N4_ber_16qam_awgn,3,True,True,True,True,,,,0.015259394399463356,,,
n3_p2_l2_all,with_skill,N4,N4_ber_16qam_awgn,4,True,True,True,True,,,,0.004850320142473263,,,
n3_p2_l2_all,with_skill,N4,N4_ber_16qam_awgn,5,True,True,True,True,,,,0.004675168620952919,,,
n3_p2_l2_all,with_skill,N4,N4_ber_qpsk_awgn,1,True,True,True,True,,,,0.006555291637374427,,,
n3_p2_l2_all,with_skill,N4,N4_ber_qpsk_awgn,2,True,True,True,True,,,,0.011462585667144688,,,
n3_p2_l2_all,with_skill,N4,N4_ber_qpsk_awgn,3,True,True,True,True,,,,0.00447887851776736,,,
n3_p2_l2_all,with_skill,N4,N4_ber_qpsk_awgn,4,True,True,True,True,,,,0.00617679374971285,,,
n3_p2_l2_all,with_skill,N4,N4_ber_qpsk_awgn,5,True,True,True,True,,,,0.011960070627771912,,,
n3_p2_l2_all,with_skill,N4,N4_throughput_ldpc_qpsk_awgn,1,True,True,True,True,,,,,,33.04779033100122,
n3_p2_l2_all,with_skill,N4,N4_throughput_ldpc_qpsk_awgn,2,False,False,False,False,,,,,,33.470128067270736,
n3_p2_l2_all,with_skill,N4,N4_throughput_ldpc_qpsk_awgn,3,False,False,False,False,,,,,,33.0127668194427,
n3_p2_l2_all,with_skill,N4,N4_throughput_ldpc_qpsk_awgn,4,False,False,False,False,,,,,,78.69624694994053,
n3_p2_l2_all,with_skill,N4,N4_throughput_ldpc_qpsk_awgn,5,False,False,False,False,,,,,,30.311773033936852,
n3_p2_l2_all,with_skill,P1,P1_box_one_screen,1,False,False,False,False,0.0,,,,,0.0,
n3_p2_l2_all,with_skill,P1,P1_box_one_screen,2,True,True,True,True,0.0,,,,,0.0,
n3_p2_l2_all,with_skill,P1,P1_box_one_screen,3,False,False,False,False,0.0,,,,,5.645,
n3_p2_l2_all,with_skill,P1,P1_box_two_screens,1,False,False,False,False,0.0,,,,,0.0,
n3_p2_l2_all,with_skill,P1,P1_box_two_screens,2,True,True,True,True,0.0,,,,,0.0,
n3_p2_l2_all,with_skill,P1,P1_box_two_screens,4,False,False,False,False,0.0,,,,,0.0,
n3_p2_l2_all,with_skill,P1,P1_box_two_screens,5,False,False,False,False,0.0,,,,,0.0,
n3_p2_l2_all,with_skill,P1,P1_etoile,1,False,False,False,False,6.666666666698499e-05,,,,,0.0,
n3_p2_l2_all,with_skill,P1,P1_etoile,2,False,False,False,False,6.666666666698499e-05,,,,,0.0,
n3_p2_l2_all,with_skill,P1,P1_etoile,3,False,False,False,False,6.666666666698499e-05,,,,,0.27000000000000357,
n3_p2_l2_all,with_skill,P1,P1_etoile,4,False,False,False,False,6.666666666698499e-05,,,,,0.0,
n3_p2_l2_all,with_skill,P1,P1_etoile,5,False,False,False,False,6.666666666698499e-05,,,,,0.0,
n3_p2_l2_all,with_skill,P1,P1_simple_street_canyon,1,False,False,False,False,0.0,,,,,0.0,
n3_p2_l2_all,with_skill,P1,P1_simple_street_canyon,3,False,False,False,False,0.0,,,,,0.0,
n3_p2_l2_all,with_skill,P1,P1_simple_street_canyon,4,False,False,False,False,9.495866666666668,,,,,100.0,
n3_p2_l2_all,with_skill,P1,P1_simple_street_canyon,5,False,False,False,False,0.0,,,,,0.0,
n3_p2_l2_all,with_skill,P2,P2_box_one_screen,1,False,True,True,False,0.0,,,,,0.0,
n3_p2_l2_all,with_skill,P2,P2_box_one_screen,2,False,True,True,False,0.0001999999999981128,,,,,0.0,
n3_p2_l2_all,with_skill,P2,P2_box_one_screen,3,False,False,False,False,0.0,,,,,0.0,
n3_p2_l2_all,with_skill,P2,P2_box_one_screen,4,False,True,True,False,0.0,,,,,0.0,
n3_p2_l2_all,with_skill,P2,P2_box_two_screens,2,False,True,True,False,0.0,,,,,0.0,
n3_p2_l2_all,with_skill,P2,P2_box_two_screens,4,False,True,True,False,0.0,,,,,0.0,
n3_p2_l2_all,with_skill,P2,P2_box_two_screens,5,False,True,True,False,0.0,,,,,0.0,
n3_p2_l2_all,with_skill,P2,P2_etoile,1,False,False,False,False,0.0,,,,,0.0,
n3_p2_l2_all,with_skill,P2,P2_etoile,3,False,False,False,False,0.0,,,,,0.0,
n3_p2_l2_all,with_skill,P2,P2_etoile,4,False,True,True,False,0.0,,,,,0.0,
n3_p2_l2_all,with_skill,P2,P2_etoile,5,False,False,False,False,0.0,,,,,0.0,
n3_p2_l2_all,with_skill,P2,P2_simple_street_canyon,2,False,False,False,False,0.0,,,,,0.0,
n3_p2_l2_all,with_skill,P2,P2_simple_street_canyon,3,False,True,True,False,0.0,,,,,0.0,
n3_p2_l2_all,with_skill,P2,P2_simple_street_canyon,4,False,False,False,False,0.0,,,,,0.0,
n3_v1_full,no_skill,N3,N3_2ap_box_one_screen,1,False,True,False,False,,,,,,,
n3_v1_full,no_skill,N3,N3_2ap_box_one_screen,3,False,True,False,False,,,,,,,
n3_v1_full,no_skill,N3,N3_2ap_box_one_screen,4,False,True,True,False,,,,,,,
n3_v1_full,no_skill,N3,N3_2ap_box_one_screen,5,False,True,True,False,,,,,,,
n3_v1_full,no_skill,N3,N3_2ap_box_two_screens,2,False,True,False,False,,,,,,,
n3_v1_full,no_skill,N3,N3_2ap_box_two_screens,3,False,True,False,False,,,,,,,
n3_v1_full,no_skill,N3,N3_2ap_box_two_screens,4,False,True,False,False,,,,,,,
n3_v1_full,no_skill,N3,N3_2ap_box_two_screens,5,False,True,False,False,,,,,,,
n3_v1_full,no_skill,N3,N3_2ap_etoile,1,False,True,False,False,,,,,,,
n3_v1_full,no_skill,N3,N3_2ap_etoile,2,False,True,False,False,,,,,,,
n3_v1_full,no_skill,N3,N3_2ap_etoile,4,False,True,False,False,,,,,,,
n3_v1_full,no_skill,N3,N3_2ap_etoile,5,False,True,True,False,,,,,,,
n3_v1_full,no_skill,N3,N3_2ap_simple_street_canyon,1,False,True,False,False,,,,,,,
n3_v1_full,no_skill,N3,N3_2ap_simple_street_canyon,2,False,True,False,False,,3.3421695232391357,,,,,
n3_v1_full,no_skill,N3,N3_2ap_simple_street_canyon,3,False,True,False,False,,,,,,,
n3_v1_full,no_skill,N3,N3_2ap_simple_street_canyon,4,False,True,False,False,,,,,,,
n3_v1_full,no_skill,N3,N3_2ap_simple_street_canyon,5,False,True,False,False,,,,,,,
n3_v1_full,self_gen,N3,N3_2ap_box_one_screen,1,False,True,True,False,,,,,,,
n3_v1_full,self_gen,N3,N3_2ap_box_one_screen,2,False,True,False,False,,,,,,,
n3_v1_full,self_gen,N3,N3_2ap_box_one_screen,4,False,True,False,False,,,,,,,
n3_v1_full,self_gen,N3,N3_2ap_box_one_screen,5,False,True,False,False,,,,,,,
n3_v1_full,self_gen,N3,N3_2ap_box_two_screens,2,False,True,False,False,,,,,,,
n3_v1_full,self_gen,N3,N3_2ap_box_two_screens,5,False,True,False,False,,,,,,,
n3_v1_full,self_gen,N3,N3_2ap_etoile,1,False,True,True,False,,,,,,,
n3_v1_full,self_gen,N3,N3_2ap_etoile,2,False,True,False,False,,,,,,,
n3_v1_full,self_gen,N3,N3_2ap_etoile,3,False,True,False,False,,,,,,,
n3_v1_full,self_gen,N3,N3_2ap_etoile,4,False,True,False,False,,,,,,,
n3_v1_full,self_gen,N3,N3_2ap_etoile,5,False,True,False,False,,,,,,,
n3_v1_full,self_gen,N3,N3_2ap_simple_street_canyon,1,False,True,False,False,,,,,,,
n3_v1_full,self_gen,N3,N3_2ap_simple_street_canyon,2,False,True,False,False,,,,,,,
n3_v1_full,self_gen,N3,N3_2ap_simple_street_canyon,4,False,True,False,False,,,,,,,
n3_v1_full,self_gen,N3,N3_2ap_simple_street_canyon,5,False,True,True,False,,,,,,,
n3_v1_full,with_skill,N3,N3_2ap_box_one_screen,1,True,True,True,True,,1.9311904964069981e-07,,,,,
n3_v1_full,with_skill,N3,N3_2ap_box_one_screen,2,True,True,True,True,,1.7881393432617188e-07,,,,,
n3_v1_full,with_skill,N3,N3_2ap_box_one_screen,3,True,True,True,True,,1.597404519770862e-07,,,,,
n3_v1_full,with_skill,N3,N3_2ap_box_one_screen,4,True,True,True,True,,1.6450881901164394e-07,,,,,
n3_v1_full,with_skill,N3,N3_2ap_box_one_screen,5,True,True,True,True,,1.9073486612342094e-07,,,,,
n3_v1_full,with_skill,N3,N3_2ap_box_two_screens,1,True,True,True,True,,2.312660285497259e-07,,,,,
n3_v1_full,with_skill,N3,N3_2ap_box_two_screens,2,False,True,False,False,,,,,,,
n3_v1_full,with_skill,N3,N3_2ap_box_two_screens,3,True,True,True,True,,2.288818308215923e-07,,,,,
n3_v1_full,with_skill,N3,N3_2ap_box_two_screens,4,True,True,True,True,,2.0503998143794888e-07,,,,,
n3_v1_full,with_skill,N3,N3_2ap_box_two_screens,5,True,True,True,True,,2.0265579792067e-07,,,,,
n3_v1_full,with_skill,N3,N3_2ap_etoile,1,True,True,True,True,,5.252956958301525e-10,,,,,
n3_v1_full,with_skill,N3,N3_2ap_etoile,2,True,True,True,True,,5.252956958301525e-10,,,,,
n3_v1_full,with_skill,N3,N3_2ap_etoile,3,False,True,False,False,,,,,,,
n3_v1_full,with_skill,N3,N3_2ap_etoile,4,True,True,True,True,,0.0,,,,,
n3_v1_full,with_skill,N3,N3_2ap_etoile,5,False,True,False,False,,,,,,,
n3_v1_full,with_skill,N3,N3_2ap_simple_street_canyon,1,True,True,True,True,,3.6673903913708727e-09,,,,,
n3_v1_full,with_skill,N3,N3_2ap_simple_street_canyon,2,True,True,True,True,,3.667390417200769e-09,,,,,
n3_v1_full,with_skill,N3,N3_2ap_simple_street_canyon,3,True,True,True,True,,1.48162575897004e-06,,,,,
n3_v1_full,with_skill,N3,N3_2ap_simple_street_canyon,4,True,True,True,True,,7.3347807827417455e-09,,,,,
n3_v1_full,with_skill,N3,N3_2ap_simple_street_canyon,5,True,True,True,True,,9.168475756382577e-09,,,,,
n3_v1_smoke,with_skill,N3,N3_2ap_box_two_screens,1,True,True,True,True,,2.0980834847250662e-07,,,,,
n4_v1_full,no_skill,N4,N4_ber_16qam_awgn,1,False,True,False,False,,,,0.015356124861636867,,,
n4_v1_full,no_skill,N4,N4_ber_16qam_awgn,2,False,True,False,False,,,,,,,
n4_v1_full,no_skill,N4,N4_ber_16qam_awgn,3,False,True,False,False,,,,0.004980759890328645,,,
n4_v1_full,no_skill,N4,N4_ber_16qam_awgn,4,False,True,False,False,,,,0.009528193610535895,,,
n4_v1_full,no_skill,N4,N4_ber_16qam_awgn,5,False,True,False,False,,,,0.004980759890328645,,,
n4_v1_full,no_skill,N4,N4_ber_qpsk_awgn,1,False,True,False,False,,,,2.143085121769827,,,
n4_v1_full,no_skill,N4,N4_ber_qpsk_awgn,2,False,True,False,False,,,,0.019109263623873794,,,
n4_v1_full,no_skill,N4,N4_ber_qpsk_awgn,3,False,True,False,False,,,,0.008203101407034374,,,
n4_v1_full,no_skill,N4,N4_ber_qpsk_awgn,4,False,True,False,False,,,,0.012321854271474208,,,
n4_v1_full,no_skill,N4,N4_ber_qpsk_awgn,5,False,True,False,False,,,,0.0034941896593874144,,,
n4_v1_full,no_skill,N4,N4_bler_ldpc_qpsk_awgn,1,False,True,False,False,,,,,,,
n4_v1_full,no_skill,N4,N4_bler_ldpc_qpsk_awgn,4,False,True,False,False,,,,,,,
n4_v1_full,no_skill,N4,N4_throughput_ldpc_qpsk_awgn,1,False,True,False,False,,,,,,,
n4_v1_full,no_skill,N4,N4_throughput_ldpc_qpsk_awgn,3,False,True,False,False,,,,,,,
n4_v1_full,self_gen,N4,N4_ber_16qam_awgn,1,False,True,False,False,,,,0.011919284055719136,,,
n4_v1_full,self_gen,N4,N4_ber_16qam_awgn,2,False,True,False,False,,,,,,,
n4_v1_full,self_gen,N4,N4_ber_16qam_awgn,4,False,True,False,False,,,,0.0048533846706919626,,,
n4_v1_full,self_gen,N4,N4_ber_16qam_awgn,5,False,True,False,False,,,,,,,
n4_v1_full,self_gen,N4,N4_ber_qpsk_awgn,1,False,True,False,False,,,,,,,
n4_v1_full,self_gen,N4,N4_ber_qpsk_awgn,2,False,True,False,False,,,,0.019109263623873794,,,
n4_v1_full,self_gen,N4,N4_ber_qpsk_awgn,3,False,True,False,False,,,,0.019109263623873794,,,
n4_v1_full,self_gen,N4,N4_ber_qpsk_awgn,4,False,True,False,False,,,,0.019109263623873794,,,
n4_v1_full,self_gen,N4,N4_ber_qpsk_awgn,5,False,True,False,False,,,,0.019109263623873794,,,
n4_v1_full,self_gen,N4,N4_bler_ldpc_qpsk_awgn,2,False,True,False,False,,,,,,,
n4_v1_full,self_gen,N4,N4_throughput_ldpc_qpsk_awgn,1,False,True,False,False,,,,,,,
n4_v1_full,self_gen,N4,N4_throughput_ldpc_qpsk_awgn,5,False,True,False,False,,,,,,,
n4_v1_full,with_skill,N4,N4_ber_16qam_awgn,1,True,True,True,True,,,,0.00944557634606098,,,
n4_v1_full,with_skill,N4,N4_ber_16qam_awgn,2,True,True,True,True,,,,0.0060434511699059,,,
n4_v1_full,with_skill,N4,N4_ber_16qam_awgn,3,False,True,False,True,,,,0.01833510877258431,,,
n4_v1_full,with_skill,N4,N4_ber_16qam_awgn,4,True,True,True,True,,,,0.011760750082463777,,,
n4_v1_full,with_skill,N4,N4_ber_16qam_awgn,5,True,True,True,True,,,,0.005603699085958524,,,
n4_v1_full,with_skill,N4,N4_ber_qpsk_awgn,1,False,True,False,True,,,,0.008792696293695145,,,
n4_v1_full,with_skill,N4,N4_ber_qpsk_awgn,2,True,True,True,True,,,,0.012527652342958806,,,
n4_v1_full,with_skill,N4,N4_ber_qpsk_awgn,3,False,True,False,True,,,,0.008792696293695145,,,
n4_v1_full,with_skill,N4,N4_ber_qpsk_awgn,4,True,True,True,True,,,,0.013768851833322238,,,
n4_v1_full,with_skill,N4,N4_ber_qpsk_awgn,5,True,True,True,True,,,,0.005486454976869215,,,
n4_v1_full,with_skill,N4,N4_bler_ldpc_qpsk_awgn,1,True,True,True,True,,,,,0.6842341723771904,,
n4_v1_full,with_skill,N4,N4_bler_ldpc_qpsk_awgn,2,True,True,True,True,,,,,0.6941285260461061,,
n4_v1_full,with_skill,N4,N4_bler_ldpc_qpsk_awgn,3,True,True,True,True,,,,,0.7171430640842675,,
n4_v1_full,with_skill,N4,N4_bler_ldpc_qpsk_awgn,4,True,True,True,True,,,,,0.6789797653016372,,
n4_v1_full,with_skill,N4,N4_bler_ldpc_qpsk_awgn,5,True,True,True,True,,,,,0.6720864172416784,,
n4_v1_full,with_skill,N4,N4_throughput_ldpc_qpsk_awgn,1,True,True,True,True,,,,,,33.27406799878817,
n4_v1_full,with_skill,N4,N4_throughput_ldpc_qpsk_awgn,2,True,True,True,True,,,,,,38.6193627691443,
n4_v1_full,with_skill,N4,N4_throughput_ldpc_qpsk_awgn,3,True,True,True,True,,,,,,36.32636507939833,
n4_v1_smoke,with_skill,N4,N4_ber_qpsk_awgn,1,True,True,True,True,,,,0.005616527873567012,,,
p1_v1_full,no_skill,P1,P1_box_one_screen,1,False,True,False,False,,,,,,,
p1_v1_full,no_skill,P1,P1_box_one_screen,2,False,True,False,False,,,,,,,
p1_v1_full,no_skill,P1,P1_box_one_screen,3,False,True,False,False,,,,,,,
p1_v1_full,no_skill,P1,P1_box_one_screen,4,False,True,False,False,,,,,,,
p1_v1_full,no_skill,P1,P1_box_one_screen,5,False,True,False,False,,,,,,,
p1_v1_full,no_skill,P1,P1_box_two_screens,1,False,True,False,False,,,,,,,
p1_v1_full,no_skill,P1,P1_box_two_screens,3,False,True,False,False,,,,,,,
p1_v1_full,no_skill,P1,P1_box_two_screens,4,False,True,False,False,,,,,,,
p1_v1_full,no_skill,P1,P1_box_two_screens,5,False,True,False,False,,,,,,,
p1_v1_full,no_skill,P1,P1_etoile,1,False,True,False,False,,,,,,,
p1_v1_full,no_skill,P1,P1_etoile,2,False,True,False,False,,,,,,,
p1_v1_full,no_skill,P1,P1_etoile,3,False,True,False,False,,,,,,,
p1_v1_full,no_skill,P1,P1_etoile,4,False,True,False,False,,,,,,,
p1_v1_full,no_skill,P1,P1_etoile,5,False,True,False,False,,,,,,,
p1_v1_full,no_skill,P1,P1_simple_street_canyon,1,False,True,False,False,,,,,,,
p1_v1_full,no_skill,P1,P1_simple_street_canyon,2,False,True,False,False,,,,,,,
p1_v1_full,no_skill,P1,P1_simple_street_canyon,3,False,True,False,False,,,,,,,
p1_v1_full,no_skill,P1,P1_simple_street_canyon,4,False,True,False,False,,,,,,,
p1_v1_full,no_skill,P1,P1_simple_street_canyon,5,False,True,False,False,,,,,,,
p1_v1_full,self_gen,P1,P1_box_one_screen,1,False,True,False,False,,,,,,,
p1_v1_full,self_gen,P1,P1_box_one_screen,2,False,True,False,False,,,,,,,
p1_v1_full,self_gen,P1,P1_box_one_screen,3,False,True,False,False,,,,,,,
p1_v1_full,self_gen,P1,P1_box_one_screen,4,False,True,False,False,,,,,,,
p1_v1_full,self_gen,P1,P1_box_two_screens,1,False,True,False,False,,,,,,,
p1_v1_full,self_gen,P1,P1_box_two_screens,5,False,True,False,False,,,,,,,
p1_v1_full,self_gen,P1,P1_etoile,1,False,True,False,False,,,,,,,
p1_v1_full,self_gen,P1,P1_etoile,2,False,True,False,False,,,,,,,
p1_v1_full,self_gen,P1,P1_etoile,3,False,True,False,False,,,,,,,
p1_v1_full,self_gen,P1,P1_etoile,5,False,True,False,False,,,,,,,
p1_v1_full,self_gen,P1,P1_simple_street_canyon,1,False,True,False,False,,,,,,,
p1_v1_full,self_gen,P1,P1_simple_street_canyon,3,False,True,False,False,,,,,,,
p1_v1_full,with_skill,P1,P1_box_one_screen,1,True,True,True,True,0.0,,,,,0.0,
p1_v1_full,with_skill,P1,P1_box_one_screen,2,False,True,False,False,1.4870000000000019,,,,,1900.0,
p1_v1_full,with_skill,P1,P1_box_one_screen,4,False,True,False,False,2.1640000000000015,,,,,0.0,
p1_v1_full,with_skill,P1,P1_box_two_screens,2,True,True,True,True,0.0,,,,,0.0,
p1_v1_full,with_skill,P1,P1_box_two_screens,3,True,True,True,True,0.0,,,,,0.0,
p1_v1_full,with_skill,P1,P1_box_two_screens,4,True,True,True,True,0.0,,,,,0.0,
p1_v1_full,with_skill,P1,P1_etoile,1,False,True,False,False,14.338666666666665,,,,,0.0,
p1_v1_full,with_skill,P1,P1_etoile,5,False,True,False,False,12.209266666666668,,,,,0.011799999999995148,
p1_v1_full,with_skill,P1,P1_simple_street_canyon,1,False,True,False,False,2.73299999999999,,,,,1900.0,
p1_v1_full,with_skill,P1,P1_simple_street_canyon,2,True,True,True,True,2.2405333333333335,,,,,0.0,
p1_v1_full,with_skill,P1,P1_simple_street_canyon,3,False,True,False,False,,,,,,0.0,
p1_v1_full,with_skill,P1,P1_simple_street_canyon,4,False,True,False,False,,,,,,1900.0,
p1_v1_full,with_skill,P1,P1_simple_street_canyon,5,False,True,True,False,,,,,,1900.0,
p1_v1_smoke,with_skill,P1,P1_box_one_screen,1,True,True,True,True,0.0,,,,,0.0,
p1_v1_smoke2,with_skill,P1,P1_box_two_screens,1,False,True,False,True,0.0,,,,,0.0,
p1_v1_v2_full,no_skill,P1,P1_box_one_screen,1,False,True,False,False,,,,,,,
p1_v1_v2_full,no_skill,P1,P1_box_one_screen,2,False,True,False,False,,,,,,,
p1_v1_v2_full,no_skill,P1,P1_box_one_screen,3,False,True,False,False,,,,,,,
p1_v1_v2_full,no_skill,P1,P1_box_one_screen,4,False,True,False,False,,,,,,,
p1_v1_v2_full,no_skill,P1,P1_box_two_screens,1,False,True,False,False,,,,,,,
p1_v1_v2_full,no_skill,P1,P1_box_two_screens,2,False,True,False,False,,,,,,,
p1_v1_v2_full,no_skill,P1,P1_box_two_screens,3,False,True,False,False,,,,,,,
p1_v1_v2_full,no_skill,P1,P1_box_two_screens,4,False,True,False,False,,,,,,,
p1_v1_v2_full,no_skill,P1,P1_box_two_screens,5,False,True,False,False,,,,,,,
p1_v1_v2_full,no_skill,P1,P1_etoile,1,False,True,False,False,,,,,,,
p1_v1_v2_full,no_skill,P1,P1_etoile,2,False,True,False,False,,,,,,,
p1_v1_v2_full,no_skill,P1,P1_etoile,3,False,True,False,False,,,,,,,
p1_v1_v2_full,no_skill,P1,P1_etoile,4,False,True,False,False,,,,,,,
p1_v1_v2_full,no_skill,P1,P1_etoile,5,False,True,False,False,,,,,,,
p1_v1_v2_full,no_skill,P1,P1_simple_street_canyon,1,False,True,False,False,,,,,,,
p1_v1_v2_full,no_skill,P1,P1_simple_street_canyon,2,False,True,False,False,,,,,,,
p1_v1_v2_full,no_skill,P1,P1_simple_street_canyon,3,False,True,False,False,,,,,,,
p1_v1_v2_full,no_skill,P1,P1_simple_street_canyon,4,False,True,False,False,,,,,,,
p1_v1_v2_full,no_skill,P1,P1_simple_street_canyon,5,False,True,False,False,,,,,,,
p1_v1_v2_full,self_gen,P1,P1_box_one_screen,2,False,True,False,False,,,,,,,
p1_v1_v2_full,self_gen,P1,P1_box_one_screen,3,False,True,False,False,,,,,,,
p1_v1_v2_full,self_gen,P1,P1_box_two_screens,1,False,True,False,False,,,,,,,
p1_v1_v2_full,self_gen,P1,P1_box_two_screens,2,False,True,False,False,,,,,,,
p1_v1_v2_full,self_gen,P1,P1_box_two_screens,3,False,True,False,False,,,,,,,
p1_v1_v2_full,self_gen,P1,P1_box_two_screens,5,False,True,False,False,,,,,,,
p1_v1_v2_full,self_gen,P1,P1_etoile,3,False,True,False,False,,,,,,,
p1_v1_v2_full,self_gen,P1,P1_etoile,4,False,True,False,False,,,,,,,
p1_v1_v2_full,self_gen,P1,P1_etoile,5,False,True,False,False,,,,,,,
p1_v1_v2_full,self_gen,P1,P1_simple_street_canyon,1,False,True,False,False,,,,,,,
p1_v1_v2_full,self_gen,P1,P1_simple_street_canyon,2,False,True,False,False,,,,,,,
p1_v1_v2_full,self_gen,P1,P1_simple_street_canyon,3,False,True,False,False,,,,,,,
p1_v1_v2_full,self_gen,P1,P1_simple_street_canyon,4,False,True,False,False,,,,,,,
p1_v1_v2_full,self_gen,P1,P1_simple_street_canyon,5,False,True,False,False,,,,,,,
p1_v1_v2_full,with_skill,P1,P1_box_one_screen,1,True,True,True,True,0.0,,,,,0.0,
p1_v1_v2_full,with_skill,P1,P1_box_one_screen,2,True,True,True,True,0.0,,,,,0.0,
p1_v1_v2_full,with_skill,P1,P1_box_one_screen,3,True,True,True,True,0.0,,,,,0.0,
p1_v1_v2_full,with_skill,P1,P1_box_one_screen,4,True,True,True,True,0.0,,,,,0.0,
p1_v1_v2_full,with_skill,P1,P1_box_one_screen,5,False,True,False,True,0.0,,,,,0.0,
p1_v1_v2_full,with_skill,P1,P1_box_two_screens,1,True,True,True,True,0.0002666666666641504,,,,,0.0,
p1_v1_v2_full,with_skill,P1,P1_box_two_screens,2,True,True,True,True,0.0,,,,,0.0,
p1_v1_v2_full,with_skill,P1,P1_box_two_screens,3,True,True,True,True,0.0,,,,,0.0,
p1_v1_v2_full,with_skill,P1,P1_box_two_screens,4,True,True,True,True,0.0,,,,,0.0,
p1_v1_v2_full,with_skill,P1,P1_box_two_screens,5,True,True,True,True,0.0,,,,,0.0,
p1_v1_v2_full,with_skill,P1,P1_etoile,1,True,True,True,True,2.408533333333333,,,,,0.0,
p1_v1_v2_full,with_skill,P1,P1_etoile,2,True,True,True,True,2.408533333333333,,,,,0.0,
p1_v1_v2_full,with_skill,P1,P1_etoile,4,True,True,True,True,2.408533333333333,,,,,0.0,
p1_v1_v2_full,with_skill,P1,P1_etoile,5,True,True,True,True,0.0,,,,,0.0,
p1_v1_v2_full,with_skill,P1,P1_simple_street_canyon,1,False,True,False,False,,,,,,1900.0,
p1_v1_v2_full,with_skill,P1,P1_simple_street_canyon,2,True,True,True,True,0.0,,,,,0.0,
p1_v1_v2_full,with_skill,P1,P1_simple_street_canyon,3,False,True,True,False,,,,,,0.00010000000000287557,
p1_v1_v2_full,with_skill,P1,P1_simple_street_canyon,4,False,True,False,False,17.206000000000003,,,,,999999899.0,
p1_v1_v2_full,with_skill,P1,P1_simple_street_canyon,5,True,True,True,True,1.946333333333332,,,,,0.0,
p2_v1_full,no_skill,P2,P2_box_one_screen,1,False,True,False,False,,,,,,,
p2_v1_full,no_skill,P2,P2_box_one_screen,2,False,True,False,False,,,,,,,
p2_v1_full,no_skill,P2,P2_box_one_screen,4,False,True,False,False,,,,,,,
p2_v1_full,no_skill,P2,P2_box_one_screen,5,False,True,False,False,,,,,,,
p2_v1_full,no_skill,P2,P2_box_two_screens,1,False,True,False,False,,,,,,,
p2_v1_full,no_skill,P2,P2_box_two_screens,2,False,True,False,False,,,,,,,
p2_v1_full,no_skill,P2,P2_box_two_screens,3,False,True,False,False,,,,,,,
p2_v1_full,no_skill,P2,P2_box_two_screens,4,False,True,False,False,,,,,,,
p2_v1_full,no_skill,P2,P2_box_two_screens,5,False,True,False,False,,,,,,,
p2_v1_full,no_skill,P2,P2_etoile,1,False,True,False,False,,,,,,,
p2_v1_full,no_skill,P2,P2_etoile,2,False,True,False,False,,,,,,,
p2_v1_full,no_skill,P2,P2_etoile,3,False,True,False,False,,,,,,,
p2_v1_full,no_skill,P2,P2_etoile,4,False,True,False,False,,,,,,,
p2_v1_full,no_skill,P2,P2_etoile,5,False,True,False,False,,,,,,,
p2_v1_full,no_skill,P2,P2_simple_street_canyon,1,False,True,False,False,,,,,,,
p2_v1_full,no_skill,P2,P2_simple_street_canyon,2,False,True,False,False,,,,,,,
p2_v1_full,no_skill,P2,P2_simple_street_canyon,3,False,True,False,False,,,,,,,
p2_v1_full,no_skill,P2,P2_simple_street_canyon,4,False,True,False,False,,,,,,,
p2_v1_full,no_skill,P2,P2_simple_street_canyon,5,False,True,False,False,,,,,,,
p2_v1_full,self_gen,P2,P2_box_one_screen,2,False,True,False,False,,,,,,,
p2_v1_full,self_gen,P2,P2_box_one_screen,4,False,True,False,False,,,,,,,
p2_v1_full,self_gen,P2,P2_box_two_screens,1,False,True,False,False,,,,,,,
p2_v1_full,self_gen,P2,P2_box_two_screens,2,False,True,False,False,,,,,,,
p2_v1_full,self_gen,P2,P2_box_two_screens,3,False,True,False,False,,,,,,,
p2_v1_full,self_gen,P2,P2_box_two_screens,5,False,True,False,False,,,,,,,
p2_v1_full,self_gen,P2,P2_etoile,1,False,True,False,False,,,,,,,
p2_v1_full,self_gen,P2,P2_etoile,3,False,True,False,False,,,,,,,
p2_v1_full,self_gen,P2,P2_etoile,4,False,True,False,False,,,,,,,
p2_v1_full,self_gen,P2,P2_etoile,5,False,True,False,False,,,,,,,
p2_v1_full,self_gen,P2,P2_simple_street_canyon,2,False,True,False,False,,,,,,,
p2_v1_full,self_gen,P2,P2_simple_street_canyon,3,False,True,False,False,,,,,,,
p2_v1_full,self_gen,P2,P2_simple_street_canyon,4,False,True,False,False,,,,,,,
p2_v1_full,self_gen,P2,P2_simple_street_canyon,5,False,True,False,False,,,,,,,
p2_v1_full,with_skill,P2,P2_box_one_screen,1,True,True,True,True,0.0,,,,,0.0,
p2_v1_full,with_skill,P2,P2_box_one_screen,3,True,True,True,True,0.0,,,,,0.0,
p2_v1_full,with_skill,P2,P2_box_one_screen,4,False,True,True,False,,,,,,0.0,
p2_v1_full,with_skill,P2,P2_box_one_screen,5,False,True,False,False,,,,,,0.0,
p2_v1_full,with_skill,P2,P2_box_two_screens,1,True,True,True,True,0.0,,,,,0.0,
p2_v1_full,with_skill,P2,P2_box_two_screens,2,False,True,False,False,,,,,,1999999898.0,
p2_v1_full,with_skill,P2,P2_box_two_screens,5,True,True,True,True,0.0,,,,,0.0,
p2_v1_full,with_skill,P2,P2_etoile,2,True,True,True,True,2.678399999999999,,,,,0.0,
p2_v1_full,with_skill,P2,P2_etoile,3,False,True,False,False,3.406200000000001,,,,,0.6979999999999986,
p2_v1_full,with_skill,P2,P2_etoile,4,False,True,False,False,,,,,,0.00010000000000287557,
p2_v1_full,with_skill,P2,P2_etoile,5,False,True,False,False,4.884799999999996,,,,,0.39599999999999635,
p2_v1_full,with_skill,P2,P2_simple_street_canyon,1,True,True,True,True,2.1924000000000006,,,,,0.0,
p2_v1_full,with_skill,P2,P2_simple_street_canyon,2,False,True,False,False,,,,,,1899.98,
p2_v1_full,with_skill,P2,P2_simple_street_canyon,3,False,True,False,False,,,,,,1999999900.0,
p2_v1_full,with_skill,P2,P2_simple_street_canyon,4,False,True,False,False,,,,,,899.99,
p2_v1_full,with_skill,P2,P2_simple_street_canyon,5,False,True,False,False,3.618919999999997,,,,,0.0,
p2_v1_smoke,with_skill,P2,P2_etoile,1,True,True,True,True,2.646000000000001,,,,,0.0,
p2_v1_smoke2,with_skill,P2,P2_box_two_screens,1,False,True,False,True,0.0,,,,,0.0,
p2_v1_v2_full,no_skill,P2,P2_box_one_screen,1,False,True,False,False,,,,,,,
p2_v1_v2_full,no_skill,P2,P2_box_one_screen,2,False,True,False,False,,,,,,,
p2_v1_v2_full,no_skill,P2,P2_box_one_screen,3,False,True,False,False,,,,,,,
p2_v1_v2_full,no_skill,P2,P2_box_one_screen,4,False,True,False,False,,,,,,,
p2_v1_v2_full,no_skill,P2,P2_box_one_screen,5,False,True,False,False,,,,,,,
p2_v1_v2_full,no_skill,P2,P2_box_two_screens,1,False,True,False,False,,,,,,,
p2_v1_v2_full,no_skill,P2,P2_box_two_screens,2,False,True,False,False,,,,,,,
p2_v1_v2_full,no_skill,P2,P2_box_two_screens,3,False,True,False,False,,,,,,,
p2_v1_v2_full,no_skill,P2,P2_box_two_screens,4,False,True,False,False,,,,,,,
p2_v1_v2_full,no_skill,P2,P2_box_two_screens,5,False,True,False,False,,,,,,,
p2_v1_v2_full,no_skill,P2,P2_etoile,1,False,True,False,False,,,,,,,
p2_v1_v2_full,no_skill,P2,P2_etoile,2,False,True,False,False,,,,,,,
p2_v1_v2_full,no_skill,P2,P2_etoile,3,False,True,False,False,,,,,,,
p2_v1_v2_full,no_skill,P2,P2_etoile,4,False,True,False,False,,,,,,,
p2_v1_v2_full,no_skill,P2,P2_etoile,5,False,True,False,False,,,,,,,
p2_v1_v2_full,no_skill,P2,P2_simple_street_canyon,1,False,True,False,False,,,,,,,
p2_v1_v2_full,no_skill,P2,P2_simple_street_canyon,2,False,True,False,False,,,,,,,
p2_v1_v2_full,no_skill,P2,P2_simple_street_canyon,3,False,True,False,False,,,,,,,
p2_v1_v2_full,no_skill,P2,P2_simple_street_canyon,4,False,True,False,False,,,,,,,
p2_v1_v2_full,no_skill,P2,P2_simple_street_canyon,5,False,True,False,False,,,,,,,
p2_v1_v2_full,self_gen,P2,P2_box_one_screen,1,False,True,False,False,,,,,,,
p2_v1_v2_full,self_gen,P2,P2_box_one_screen,2,False,True,False,False,,,,,,,
p2_v1_v2_full,self_gen,P2,P2_box_one_screen,4,False,True,False,False,,,,,,,
p2_v1_v2_full,self_gen,P2,P2_box_one_screen,5,False,True,False,False,,,,,,,
p2_v1_v2_full,self_gen,P2,P2_box_two_screens,1,False,True,False,False,,,,,,,
p2_v1_v2_full,self_gen,P2,P2_box_two_screens,2,False,True,False,False,,,,,,,
p2_v1_v2_full,self_gen,P2,P2_box_two_screens,3,False,True,False,False,,,,,,,
p2_v1_v2_full,self_gen,P2,P2_box_two_screens,4,False,True,False,False,,,,,,,
p2_v1_v2_full,self_gen,P2,P2_box_two_screens,5,False,True,False,False,,,,,,,
p2_v1_v2_full,self_gen,P2,P2_etoile,1,False,True,False,False,,,,,,,
p2_v1_v2_full,self_gen,P2,P2_etoile,2,False,True,False,False,,,,,,,
p2_v1_v2_full,self_gen,P2,P2_etoile,3,False,True,False,False,,,,,,,
p2_v1_v2_full,self_gen,P2,P2_etoile,4,False,True,False,False,,,,,,,
p2_v1_v2_full,self_gen,P2,P2_etoile,5,False,True,False,False,,,,,,,
p2_v1_v2_full,self_gen,P2,P2_simple_street_canyon,1,False,True,False,False,,,,,,,
p2_v1_v2_full,self_gen,P2,P2_simple_street_canyon,2,False,True,False,False,,,,,,,
p2_v1_v2_full,self_gen,P2,P2_simple_street_canyon,3,False,True,False,False,,,,,,,
p2_v1_v2_full,self_gen,P2,P2_simple_street_canyon,4,False,True,False,False,,,,,,,
p2_v1_v2_full,self_gen,P2,P2_simple_street_canyon,5,False,True,False,False,,,,,,,
p2_v1_v2_full,with_skill,P2,P2_box_one_screen,1,False,True,False,False,,,,,,1900.0,
p2_v1_v2_full,with_skill,P2,P2_box_one_screen,2,True,True,True,True,0.0,,,,,0.0,
p2_v1_v2_full,with_skill,P2,P2_box_one_screen,3,True,True,True,True,0.0,,,,,0.0,
p2_v1_v2_full,with_skill,P2,P2_box_one_screen,4,True,True,True,True,0.0,,,,,0.0,
p2_v1_v2_full,with_skill,P2,P2_box_one_screen,5,True,True,True,True,0.0,,,,,0.0,
p2_v1_v2_full,with_skill,P2,P2_box_two_screens,1,True,True,True,True,0.0,,,,,0.0,
p2_v1_v2_full,with_skill,P2,P2_box_two_screens,2,True,True,True,True,0.0,,,,,0.0,
p2_v1_v2_full,with_skill,P2,P2_box_two_screens,3,True,True,True,True,0.0,,,,,0.0,
p2_v1_v2_full,with_skill,P2,P2_box_two_screens,4,True,True,True,True,0.0,,,,,0.0,
p2_v1_v2_full,with_skill,P2,P2_box_two_screens,5,True,True,True,True,0.0,,,,,0.0,
p2_v1_v2_full,with_skill,P2,P2_etoile,1,True,True,True,True,2.646000000000001,,,,,0.0,
p2_v1_v2_full,with_skill,P2,P2_etoile,3,True,True,True,True,1.7162000000000006,,,,,0.004700000000001925,
p2_v1_v2_full,with_skill,P2,P2_etoile,4,True,True,True,True,2.646120000000002,,,,,0.0,
p2_v1_v2_full,with_skill,P2,P2_etoile,5,True,True,True,True,2.646000000000001,,,,,0.0,
p2_v1_v2_full,with_skill,P2,P2_simple_street_canyon,1,True,True,True,True,0.0,,,,,0.0,
p2_v1_v2_full,with_skill,P2,P2_simple_street_canyon,2,True,True,True,True,2.1924000000000006,,,,,0.0,
p2_v1_v2_full,with_skill,P2,P2_simple_street_canyon,3,False,True,True,False,,,,,,900.0,
p2_v1_v2_full,with_skill,P2,P2_simple_street_canyon,4,False,True,False,False,,,,,,0.0,
p2_v1_v2_full,with_skill,P2,P2_simple_street_canyon,5,False,True,False,False,,,,,,0.0,
s1_baselines_fair,no_skill,S1,S1_box_one_screen,2,False,True,True,False,,,2.681063873725426,,,,
s1_baselines_fair,no_skill,S1,S1_box_one_screen,3,False,True,True,False,,,,,,,
s1_baselines_fair,no_skill,S1,S1_box_one_screen,4,False,True,True,False,,,0.22360356437517914,,,,
s1_baselines_fair,no_skill,S1,S1_box_two_screens,2,False,True,False,False,,,,,,0.001703797154739198,
s1_baselines_fair,no_skill,S1,S1_box_two_screens,3,False,True,False,False,,,,,,,
s1_baselines_fair,no_skill,S1,S1_box_two_screens,4,False,True,True,False,,,,,,,
s1_baselines_fair,no_skill,S1,S1_box_two_screens,5,False,True,False,False,,,1.6210558901527325,,,,
s1_baselines_fair,no_skill,S1,S1_etoile,1,False,True,True,False,,,,,,,
s1_baselines_fair,no_skill,S1,S1_etoile,2,False,True,False,False,,,1.3519629377218436,,,,
s1_baselines_fair,no_skill,S1,S1_etoile,3,False,True,True,False,,,2.9810929110478455,,,,
s1_baselines_fair,no_skill,S1,S1_etoile,4,False,True,True,False,,,1.351776363557331,,,,
s1_baselines_fair,no_skill,S1,S1_etoile,5,False,True,True,False,,,2.981187935422912,,,,
s1_baselines_fair,no_skill,S1,S1_simple_street_canyon,1,False,True,True,False,,,0.459289886867833,,,,
s1_baselines_fair,no_skill,S1,S1_simple_street_canyon,3,False,True,False,False,,,,,,,
s1_baselines_fair,no_skill,S1,S1_simple_street_canyon,4,False,True,False,False,,,0.4812244893821501,,,,
s1_baselines_fair,no_skill,S1,S1_simple_street_canyon,5,False,True,True,False,,,0.4592749808589971,,,,
s1_baselines_fair,self_gen,S1,S1_box_one_screen,2,False,True,False,False,,,0.17744584616586767,,,,
s1_baselines_fair,self_gen,S1,S1_box_one_screen,3,False,True,True,False,,,0.22360407452537212,,,,
s1_baselines_fair,self_gen,S1,S1_box_one_screen,4,False,True,True,False,,,,,,,
s1_baselines_fair,self_gen,S1,S1_box_one_screen,5,False,True,False,False,,,,,,,
s1_baselines_fair,self_gen,S1,S1_box_two_screens,5,False,True,True,False,,,2.908821771923085,,,,
s1_baselines_fair,self_gen,S1,S1_etoile,1,False,True,False,False,,,,,,,
s1_baselines_fair,self_gen,S1,S1_etoile,4,False,True,True,False,,,2.9810921799400045,,,,
s1_baselines_fair,self_gen,S1,S1_simple_street_canyon,2,False,True,True,False,,,,,,,
s1_baselines_fair_v2,no_skill,S1,S1_box_one_screen,1,False,True,True,False,,,1.2205573374347733,,,,
s1_baselines_fair_v2,no_skill,S1,S1_box_one_screen,3,False,True,True,False,,,0.2161213013356269,,,,
s1_baselines_fair_v2,no_skill,S1,S1_box_one_screen,4,False,True,True,False,,,1.2122284838954047,,,,
s1_baselines_fair_v2,no_skill,S1,S1_box_one_screen,5,False,True,True,False,,,1.2122283477598677,,,,
s1_baselines_fair_v2,no_skill,S1,S1_box_two_screens,1,False,True,True,False,,,,,,,
s1_baselines_fair_v2,no_skill,S1,S1_box_two_screens,2,False,True,True,False,,,1.6702447524053698,,,,
s1_baselines_fair_v2,no_skill,S1,S1_box_two_screens,3,False,True,True,False,,,,,,,
s1_baselines_fair_v2,no_skill,S1,S1_box_two_screens,4,False,True,True,False,,,,,,,
s1_baselines_fair_v2,no_skill,S1,S1_etoile,1,False,True,True,False,,,,,,,
s1_baselines_fair_v2,no_skill,S1,S1_etoile,2,False,True,True,False,,,2.9820736683353637,,,,
s1_baselines_fair_v2,no_skill,S1,S1_etoile,3,False,True,True,False,,,,,,,
s1_baselines_fair_v2,no_skill,S1,S1_etoile,4,False,True,True,False,,,,,,,
s1_baselines_fair_v2,no_skill,S1,S1_simple_street_canyon,1,False,True,True,False,,,,,,,
s1_baselines_fair_v2,no_skill,S1,S1_simple_street_canyon,2,False,True,True,False,,,0.45928982928148654,,,,
s1_baselines_fair_v2,no_skill,S1,S1_simple_street_canyon,3,False,True,True,False,,,,,,,
s1_baselines_fair_v2,no_skill,S1,S1_simple_street_canyon,4,False,True,True,False,,,0.45927477149865803,,,,
s1_baselines_fair_v2,no_skill,S1,S1_simple_street_canyon,5,False,True,True,False,,,0.45911680768024543,,,,
s1_baselines_fair_v2,self_gen,S1,S1_box_one_screen,1,False,True,True,False,,,0.6379964495734223,,,,
s1_baselines_fair_v2,self_gen,S1,S1_box_one_screen,2,False,True,True,False,,,0.6313870477041961,,,,
s1_baselines_fair_v2,self_gen,S1,S1_box_one_screen,4,False,True,True,False,,,0.6313880156752895,,,,
s1_baselines_fair_v2,self_gen,S1,S1_box_one_screen,5,False,True,True,False,,,0.6313871371527024,,,,
s1_baselines_fair_v2,self_gen,S1,S1_box_two_screens,2,False,True,True,False,,,,,,,
s1_baselines_fair_v2,self_gen,S1,S1_box_two_screens,4,False,True,True,False,,,,,,,
s1_baselines_fair_v2,self_gen,S1,S1_box_two_screens,5,False,True,True,False,,,2.976368131810249,,,,
s1_baselines_fair_v2,self_gen,S1,S1_etoile,1,False,True,True,False,,,,,,,
s1_baselines_fair_v2,self_gen,S1,S1_etoile,2,False,True,True,False,,,2.358885313921376,,,,
s1_baselines_fair_v2,self_gen,S1,S1_etoile,3,False,True,True,False,,,2.9810942360082824,,,,
s1_baselines_fair_v2,self_gen,S1,S1_etoile,4,False,True,True,False,,,,,,,
s1_baselines_fair_v2,self_gen,S1,S1_etoile,5,False,True,True,False,,,,,,,
s1_baselines_fair_v2,self_gen,S1,S1_simple_street_canyon,1,False,True,True,False,,,0.45928950268989777,,,,
s1_baselines_fair_v2,self_gen,S1,S1_simple_street_canyon,3,False,True,True,False,,,,,,,
s1_baselines_fair_v2,self_gen,S1,S1_simple_street_canyon,4,False,True,True,False,,,,,,,
s1_baselines_fair_v2,self_gen,S1,S1_simple_street_canyon,5,False,True,True,False,,,0.45927487284448976,,,,
s1_professional_baselines,no_skill,S1,S1_box_one_screen,4,True,True,True,True,,,0.0012805250317223793,,,0.00034837713761331677,
s1_professional_baselines,no_skill,S1,S1_box_one_screen,5,True,True,True,True,,,0.0012818493056283575,,,0.00033009707598911784,
s1_professional_baselines,no_skill,S1,S1_box_two_screens,1,True,True,True,True,,,0.059382448196411364,,,0.3512036964467014,
s1_professional_baselines,no_skill,S1,S1_box_two_screens,2,True,True,True,True,,,0.01312076529458639,,,0.12080561895041049,
s1_professional_baselines,no_skill,S1,S1_etoile,1,True,True,True,True,,,0.0034319774022830707,,,0.0028940955757149004,
s1_professional_baselines,no_skill,S1,S1_etoile,3,True,True,True,True,,,0.003431646302124669,,,0.002892565240628194,
s1_professional_baselines,no_skill,S1,S1_simple_street_canyon,2,True,True,True,True,,,0.002171838662393677,,,1.4597849328437578e-05,
s1_professional_baselines,no_skill,S1,S1_simple_street_canyon,4,True,True,True,True,,,0.002172150611877477,,,1.1049925488769861e-05,
s1_professional_baselines,no_skill,S1,S1_simple_street_canyon,5,True,True,True,True,,,0.002172233693870984,,,9.01741673742009e-06,
s1_professional_baselines,self_gen,S1,S1_box_two_screens,4,True,True,True,True,,,0.09160711253133447,,,0.8920194960188574,
s1_professional_baselines,self_gen,S1,S1_etoile,2,True,True,True,True,,,0.003691126391267119,,,0.003779373774247687,
s1_professional_baselines,self_gen,S1,S1_simple_street_canyon,1,True,True,True,True,,,0.0021720252069649115,,,1.230282429831827e-05,
s1_professional_baselines,self_gen,S1,S1_simple_street_canyon,4,True,True,True,True,,,0.0021715154484432952,,,1.8776076596224627e-05,
s_professional_baselines,no_skill,S1,S1_box_one_screen,1,True,True,True,True,,,0.3728179545326228,,,5.28818608774167,
s_professional_baselines,no_skill,S1,S1_box_one_screen,3,True,True,True,True,,,0.001280719426092758,,,0.0003455271111747711,
s_professional_baselines,no_skill,S1,S1_box_one_screen,4,True,True,True,True,,,0.0012804597556818065,,,0.0003493341532592655,
s_professional_baselines,no_skill,S1,S1_box_one_screen,5,True,True,True,True,,,0.001280577094102786,,,0.0003476138488919426,
s_professional_baselines,no_skill,S1,S1_box_two_screens,2,True,True,True,True,,,0.05938076498141487,,,0.35120585504383034,
s_professional_baselines,no_skill,S1,S1_box_two_screens,4,True,True,True,True,,,0.06615051289767448,,,0.4173245239659785,
s_professional_baselines,no_skill,S1,S1_box_two_screens,5,True,True,True,True,,,0.06615234375000023,,,0.41732254600352053,
s_professional_baselines,no_skill,S1,S1_etoile,1,True,True,True,True,,,0.003431855250032756,,,0.002894638926775146,
s_professional_baselines,no_skill,S1,S1_etoile,2,True,True,True,True,,,0.003434284846077107,,,0.0029193768136623888,
s_professional_baselines,no_skill,S1,S1_etoile,3,True,True,True,True,,,0.0034626435603568595,,,0.00323224285387229,
s_professional_baselines,no_skill,S1,S1_etoile,5,True,True,True,True,,,0.0034319266011593186,,,0.002893810481675205,
s_professional_baselines,no_skill,S1,S1_simple_street_canyon,2,True,True,True,True,,,0.0021709345963728532,,,2.719922403743286e-05,
s_professional_baselines,no_skill,S2,S2_box_one_screen,2,True,True,True,True,0.0001715087890623579,,0.0026715087890627487,,,0.0006545074663933398,
s_professional_baselines,no_skill,S2,S2_box_one_screen,3,True,True,True,True,0.000171260257536332,,0.002671260257538499,,,0.0006376285635819497,
s_professional_baselines,no_skill,S2,S2_box_one_screen,4,True,True,True,True,0.0001714608435072762,,0.002671460843507667,,,0.0006391464832769734,
s_professional_baselines,no_skill,S2,S2_box_two_screens,2,True,True,True,True,0.0002204323717869272,,0.005220432371787709,,,0.00259604831945052,
s_professional_baselines,no_skill,S2,S2_box_two_screens,3,True,True,True,True,0.00022239685058877967,,0.005222396850586675,,,0.0026173283821851424,
s_professional_baselines,no_skill,S2,S2_box_two_screens,4,True,True,True,True,0.00022054684259131818,,0.005220546842588547,,,0.0025975819089261824,
s_professional_baselines,no_skill,S2,S2_box_two_screens,5,True,True,True,True,0.00022003521197078157,,0.005220035211972007,,,0.002590525498444871,
s_professional_baselines,no_skill,S2,S2_etoile,3,True,True,True,True,0.0002563189401030286,,0.0025773504431376715,,,0.00033647549695006176,
s_professional_baselines,no_skill,S2,S2_etoile,5,True,True,True,True,0.0002563189401030286,,0.0025773504431376715,,,0.00033647549695006176,
s_professional_baselines,no_skill,S2,S2_simple_street_canyon,1,True,True,True,True,0.000315171623547883,,0.002533268686786272,,,0.0014397786393125563,
s_professional_baselines,no_skill,S2,S2_simple_street_canyon,2,True,True,True,True,0.00031505900953021637,,0.0025332459894578108,,,0.0014388960196760725,
s_professional_baselines,no_skill,S2,S2_simple_street_canyon,4,True,True,True,True,0.0003152970855246906,,0.00253317369855921,,,0.001440696439232858,
s_professional_baselines,no_skill,S2,S2_simple_street_canyon,5,True,True,True,True,0.0003152396686161296,,0.0025332006417180253,,,0.0014401227299671,
s_professional_baselines,no_skill,S3,S3_box_one_screen,3,True,True,True,True,,,,,,0.0006031045961424428,
s_professional_baselines,no_skill,S3,S3_box_one_screen,4,True,True,True,True,,,,,,0.0006138091957579478,
s_professional_baselines,no_skill,S3,S3_box_two_screens,2,True,True,True,True,,,,,,0.007530333855277198,
s_professional_baselines,no_skill,S3,S3_box_two_screens,3,True,True,True,True,,,,,,1.214954728368658,
s_professional_baselines,no_skill,S3,S3_box_two_screens,5,True,True,True,True,,,,,,1.2149553631847576,
s_professional_baselines,no_skill,S3,S3_etoile,2,True,True,True,True,,,,,,0.05340865307469262,
s_professional_baselines,no_skill,S3,S3_simple_street_canyon,1,True,True,True,True,,,,,,0.0002499164577842592,
s_professional_baselines,no_skill,S3,S3_simple_street_canyon,2,True,True,True,True,,,,,,0.00024798795616792313,
s_professional_baselines,no_skill,S3,S3_simple_street_canyon,3,False,True,True,False,,,,,,44.996738516880065,
s_professional_baselines,no_skill,S3,S3_simple_street_canyon,5,True,True,True,True,,,,,,0.00024798795616792313,
s_professional_baselines,no_skill,S4,S4_box_one_screen,1,True,True,True,True,0.00017135977772575472,,,,,0.00031715263531731326,
s_professional_baselines,no_skill,S4,S4_box_one_screen,2,True,True,True,True,0.0001715087890623579,,,,,0.0003085381333076763,
s_professional_baselines,no_skill,S4,S4_box_one_screen,3,True,True,True,True,0.0001712355721625869,,,,,0.0003147028725544846,
s_professional_baselines,no_skill,S4,S4_box_one_screen,4,True,True,True,True,0.00014999999999787406,,,,,0.0003170577045042965,
s_professional_baselines,no_skill,S4,S4_box_two_screens,1,True,True,True,True,0.0002205300547082345,,,,,0.002594800054709251,
s_professional_baselines,no_skill,S4,S4_box_two_screens,2,True,True,True,True,0.0002203421903335112,,,,,0.0025910682991768593,
s_professional_baselines,no_skill,S4,S4_box_two_screens,3,True,True,True,True,0.0002205300547082345,,,,,0.002594800054709251,
s_professional_baselines,no_skill,S4,S4_box_two_screens,4,True,True,True,True,0.0002203421903335112,,,,,0.0025910682991768593,
s_professional_baselines,no_skill,S4,S4_etoile,2,True,True,True,True,0.0002564839683394382,,,,,0.0016441431336627547,
s_professional_baselines,no_skill,S4,S4_simple_street_canyon,1,True,True,True,True,0.00031512666520328025,,,,,0.003198622956707447,
s_professional_baselines,no_skill,S4,S4_simple_street_canyon,2,True,True,True,True,0.00031530757870257275,,,,,0.003201933265850328,
s_professional_baselines,no_skill,S4,S4_simple_street_canyon,3,True,True,True,True,0.000315306846371044,,,,,0.0032019316269926213,
s_professional_baselines,no_skill,S4,S4_simple_street_canyon,4,True,True,True,True,0.000324999999996578,,,,,0.003201961430079997,
s_professional_baselines,no_skill,S4,S4_simple_street_canyon,5,True,True,True,True,6.859570397918718,,,,,63.49614048312049,
s_professional_baselines,self_gen,S1,S1_box_one_screen,5,True,True,True,True,,,0.001280842723545117,,,0.0003437194405172801,
s_professional_baselines,self_gen,S1,S1_box_two_screens,2,True,True,True,True,,,0.07006952713826609,,,0.06506365310468551,
s_professional_baselines,self_gen,S1,S1_box_two_screens,3,True,True,True,True,,,0.06266781724271597,,,0.6070531246274843,
s_professional_baselines,self_gen,S1,S1_box_two_screens,4,True,True,True,True,,,0.1495671517390864,,,1.4771359246342335,
s_professional_baselines,self_gen,S1,S1_box_two_screens,5,True,True,True,True,,,0.01312080544985772,,,0.12080599376058744,
s_professional_baselines,self_gen,S1,S1_etoile,2,True,True,True,True,,,0.003431788612933362,,,0.0028941846124326716,
s_professional_baselines,self_gen,S1,S1_etoile,4,True,True,True,True,,,0.0034319230123180944,,,0.0028956571437166387,
s_professional_baselines,self_gen,S1,S1_simple_street_canyon,1,True,True,True,True,,,0.0021716638107053265,,,1.690565134416284e-05,
s_professional_baselines,self_gen,S1,S1_simple_street_canyon,3,True,True,True,True,,,0.0021708226077605808,,,2.8966115742757375e-05,
s_professional_baselines,self_gen,S2,S2_box_one_screen,5,True,True,True,True,0.00017132893390758852,,0.002671328933906203,,,0.0006397123982874196,
s_professional_baselines,self_gen,S2,S2_etoile,1,True,True,True,True,0.00025642267237557803,,0.002577454175410221,,,0.00033602870810046145,
s_professional_baselines,self_gen,S2,S2_etoile,2,True,True,True,True,0.0002564845866679377,,0.0025774586958902113,,,0.0003359964139829303,
s_professional_baselines,self_gen,S2,S2_etoile,4,True,True,True,True,0.0002555928139074126,,0.0025766243169420555,,,0.000339603019977684,
s_professional_baselines,self_gen,S2,S2_simple_street_canyon,1,True,True,True,True,0.00031508131746349477,,0.002533494304216788,,,0.0014386959846666115,
s_professional_baselines,self_gen,S2,S2_simple_street_canyon,2,True,True,True,True,0.0003153749799693628,,0.0025333359530712585,,,0.0014408071801845495,
s_professional_baselines,self_gen,S2,S2_simple_street_canyon,3,True,True,True,True,0.00031408691405943046,,0.0025325012207026987,,,0.0014322300310862831,
s_professional_baselines,self_gen,S2,S2_simple_street_canyon,5,True,True,True,True,0.00031501327237748455,,0.002533562349302798,,,0.0014383518938693228,
s_professional_baselines,self_gen,S3,S3_box_one_screen,1,True,True,True,True,,,,,,5.162070521058797,
s_professional_baselines,self_gen,S3,S3_box_one_screen,4,True,True,True,True,,,,,,0.0005709200271515809,
s_professional_baselines,self_gen,S3,S3_box_one_screen,5,True,True,True,True,,,,,,0.0005721016658908133,
s_professional_baselines,self_gen,S3,S3_box_two_screens,1,True,True,True,True,,,,,,1.2149460228988433,
s_professional_baselines,self_gen,S3,S3_box_two_screens,2,True,True,True,True,,,,,,1.2149547522253132,
s_professional_baselines,self_gen,S3,S3_box_two_screens,3,True,True,True,True,,,,,,1.2149540680105824,
s_professional_baselines,self_gen,S3,S3_etoile,1,True,True,True,True,,,,,,0.0017951936028612547,
s_professional_baselines,self_gen,S3,S3_etoile,3,True,True,True,True,,,,,,0.0017949419246744169,
s_professional_baselines,self_gen,S3,S3_etoile,5,True,True,True,True,,,,,,0.052542351651175795,
s_professional_baselines,self_gen,S3,S3_simple_street_canyon,1,True,True,True,True,,,,,,0.00025055263303203404,
s_professional_baselines,self_gen,S4,S4_box_one_screen,3,True,True,True,True,0.00014999999999787406,,,,,0.0003170577045042965,
s_professional_baselines,self_gen,S4,S4_box_one_screen,4,True,True,True,True,0.00014999999999787406,,,,,0.0003170577045042965,
s_professional_baselines,self_gen,S4,S4_box_two_screens,1,True,True,True,True,0.0002203421903335112,,,,,0.0025910682991768593,
s_professional_baselines,self_gen,S4,S4_box_two_screens,2,True,True,True,True,0.00019999999999953388,,,,,0.0025975492687328756,
s_professional_baselines,self_gen,S4,S4_box_two_screens,4,True,True,True,True,0.00019999999999953388,,,,,0.0025975492687328756,
s_professional_baselines,self_gen,S4,S4_etoile,1,True,True,True,True,0.00025569654624746363,,,,,0.0016435400768475153,
s_professional_baselines,self_gen,S4,S4_etoile,2,True,True,True,True,0.00025642267237557803,,,,,0.0016435400768475153,
s_professional_baselines,self_gen,S4,S4_etoile,5,True,True,True,True,0.000249999999997641,,,,,0.0016403123154610417,
s_professional_baselines,self_gen,S4,S4_simple_street_canyon,1,True,True,True,True,0.008549219770156213,,,,,0.10082763473450775,
s_professional_baselines,self_gen,S4,S4_simple_street_canyon,4,True,True,True,True,0.00031408691405943046,,,,,0.003189216457699541,
s_v1_full,no_skill,S1,S1_fixed_deployment,1,False,True,True,False,,,0.6346738767898414,,,,
s_v1_full,no_skill,S1,S1_fixed_deployment,2,False,True,True,False,,,,,,,
s_v1_full,no_skill,S1,S1_fixed_deployment,4,False,True,False,False,,,,,,,
s_v1_full,no_skill,S1,S1_fixed_deployment,5,False,True,False,False,,,,,,,
s_v1_full,no_skill,S2,S2_fixed_scheduler,1,False,True,False,False,,,,,,,
s_v1_full,no_skill,S2,S2_fixed_scheduler,2,False,True,False,False,,,,,,,
s_v1_full,no_skill,S2,S2_fixed_scheduler,3,False,True,False,False,,,,,,,
s_v1_full,no_skill,S2,S2_fixed_scheduler,4,False,True,False,False,,,,,,,
s_v1_full,no_skill,S2,S2_fixed_scheduler,5,False,True,False,False,,,,,,,
s_v1_full,no_skill,S3,S3_joint_beamforming,2,False,True,False,False,,,,,,,
s_v1_full,no_skill,S4,S4_rb_pareto,2,False,True,False,False,,,,,,,
s_v1_full,no_skill,S4,S4_rb_pareto,4,False,True,False,False,,,,,,,
s_v1_full,self_gen,S1,S1_fixed_deployment,1,False,True,False,False,,,1.6742795788050924,,,,
s_v1_full,self_gen,S1,S1_fixed_deployment,3,False,True,True,False,,,,,,,
s_v1_full,self_gen,S1,S1_fixed_deployment,5,False,True,False,False,,,,,,,
s_v1_full,self_gen,S2,S2_fixed_scheduler,1,False,True,False,False,,,,,,,
s_v1_full,self_gen,S2,S2_fixed_scheduler,2,False,True,False,False,,,,,,,
s_v1_full,self_gen,S2,S2_fixed_scheduler,3,False,True,True,False,,,,,,,
s_v1_full,self_gen,S2,S2_fixed_scheduler,4,False,True,False,False,,,,,,,
s_v1_full,self_gen,S2,S2_fixed_scheduler,5,False,True,False,False,,,,,,,
s_v1_full,self_gen,S4,S4_rb_pareto,1,False,True,False,False,,,,,,,
s_v1_full,self_gen,S4,S4_rb_pareto,2,False,True,False,False,,,,,,,
s_v1_full,self_gen,S4,S4_rb_pareto,4,False,True,False,False,,,,,,,
s_v1_full,with_skill,S1,S1_fixed_deployment,3,False,True,True,False,,,1.135,,,16.154242761390474,
s_v1_full,with_skill,S1,S1_fixed_deployment,4,False,True,False,False,,,1.4085,,,20.067298038045102,
s_v1_full,with_skill,S1,S1_fixed_deployment,5,False,True,False,False,,,1.135,,,16.140674608558786,
s_v1_full,with_skill,S2,S2_fixed_scheduler,2,False,True,False,False,,,14.088499999999998,,,,
s_v1_full,with_skill,S2,S2_fixed_scheduler,4,False,True,False,True,1.2872499999999931,,1.2845000000000004,,,7.768648170841943,
s_v1_full,with_skill,S2,S2_fixed_scheduler,5,False,True,False,True,1.2872499999999931,,1.2825000000000006,,,7.768648170841943,
s_v1_full,with_skill,S3,S3_joint_beamforming,1,False,True,True,False,,,,,,28.298327787550598,
s_v1_full,with_skill,S3,S3_joint_beamforming,2,False,True,False,False,,,,,,,
s_v1_full,with_skill,S3,S3_joint_beamforming,3,False,True,False,False,,,,,,76.10580081809127,
s_v1_full,with_skill,S3,S3_joint_beamforming,5,False,True,False,False,,,,,,76.95695483542801,
s_v1_full,with_skill,S4,S4_rb_pareto,1,False,True,False,True,1.8107500000000059,,,,,134.03326380502799,
s_v1_full,with_skill,S4,S4_rb_pareto,2,False,True,False,False,1.2872499999999931,,,,,,
s_v1_full,with_skill,S4,S4_rb_pareto,4,False,True,False,False,1.8107500000000059,,,,,,
s_v1_full,with_skill,S4,S4_rb_pareto,5,False,True,False,True,2.5080499999999972,,,,,13362.26607384638,
s_v1_smoke,with_skill,S1,S1_fixed_deployment,1,True,True,True,True,,,0.012499999999999956,,,0.13703834359989625,
s_v2_full,no_skill,S1,S1_box_one_screen,1,False,True,False,False,,,0.17744562267417618,,,,
s_v2_full,no_skill,S1,S1_box_one_screen,3,False,True,True,False,,,,,,,
s_v2_full,no_skill,S1,S1_box_one_screen,4,False,True,True,False,,,2.6732613777423873,,,,
s_v2_full,no_skill,S1,S1_box_one_screen,5,False,True,False,False,,,0.17151288441233337,,,,
s_v2_full,no_skill,S1,S1_box_two_screens,1,False,True,False,False,,,,,,,
s_v2_full,no_skill,S1,S1_box_two_screens,4,False,True,True,False,,,,,,,
s_v2_full,no_skill,S1,S1_box_two_screens,5,False,True,True,False,,,,,,,
s_v2_full,no_skill,S1,S1_etoile,2,False,True,True,False,,,2.981094403179502,,,,
s_v2_full,no_skill,S1,S1_etoile,3,False,True,True,False,,,2.323648842537492,,,,
s_v2_full,no_skill,S1,S1_etoile,5,False,True,True,False,,,,,,,
s_v2_full,no_skill,S1,S1_simple_street_canyon,1,False,True,True,False,,,,,,,
s_v2_full,no_skill,S1,S1_simple_street_canyon,2,False,True,True,False,,,,,,,
s_v2_full,no_skill,S1,S1_simple_street_canyon,3,False,True,True,False,,,1.291775,,,,
s_v2_full,no_skill,S1,S1_simple_street_canyon,4,False,True,True,False,,,,,,,
s_v2_full,no_skill,S1,S1_simple_street_canyon,5,False,True,False,False,,,0.459116197715826,,,,
s_v2_full,no_skill,S2,S2_box_one_screen,1,False,True,True,False,,,,,,,
s_v2_full,no_skill,S2,S2_box_one_screen,2,False,True,True,False,,,,,,,
s_v2_full,no_skill,S2,S2_box_one_screen,5,False,True,True,False,,,,,,,
s_v2_full,no_skill,S2,S2_box_two_screens,1,False,True,False,False,,,,,,,
s_v2_full,no_skill,S2,S2_box_two_screens,3,False,True,False,False,,,8.33648817062378,,,,
s_v2_full,no_skill,S2,S2_box_two_screens,4,False,True,True,False,,,,,,,
s_v2_full,no_skill,S2,S2_etoile,1,False,True,True,False,,,,,,,
s_v2_full,no_skill,S2,S2_etoile,2,False,True,False,False,,,,,,,
s_v2_full,no_skill,S2,S2_etoile,4,False,True,True,False,,,,,,,
s_v2_full,no_skill,S2,S2_etoile,5,False,True,True,False,,,,,,,
s_v2_full,no_skill,S2,S2_simple_street_canyon,1,False,True,True,False,,,2.4478916509667497,,,,
s_v2_full,no_skill,S2,S2_simple_street_canyon,2,False,True,True,False,,,,,,,
s_v2_full,no_skill,S2,S2_simple_street_canyon,3,False,True,False,False,,,3.2712386554100776,,,,
s_v2_full,no_skill,S2,S2_simple_street_canyon,4,False,True,True,False,,,,,,,
s_v2_full,no_skill,S3,S3_box_one_screen,1,False,True,False,False,,,,,,,
s_v2_full,no_skill,S3,S3_box_two_screens,2,False,True,True,False,,,,,,,
s_v2_full,no_skill,S3,S3_box_two_screens,3,False,True,False,False,,,,,,,
s_v2_full,no_skill,S3,S3_etoile,3,False,True,False,False,,,,,,,
s_v2_full,no_skill,S3,S3_simple_street_canyon,2,False,True,False,False,,,,,,,
s_v2_full,no_skill,S3,S3_simple_street_canyon,5,False,True,False,False,,,,,,,
s_v2_full,no_skill,S4,S4_box_one_screen,1,False,True,True,False,,,,,,,
s_v2_full,no_skill,S4,S4_box_one_screen,2,False,True,True,False,,,,,,,
s_v2_full,no_skill,S4,S4_box_one_screen,3,False,True,True,False,8.157428825378421,,,,,,
s_v2_full,no_skill,S4,S4_box_one_screen,5,False,True,False,False,,,,,,,
s_v2_full,no_skill,S4,S4_box_two_screens,1,False,True,True,False,,,,,,,
s_v2_full,no_skill,S4,S4_box_two_screens,2,False,True,False,False,,,,,,,
s_v2_full,no_skill,S4,S4_box_two_screens,3,False,True,False,False,,,,,,,
s_v2_full,no_skill,S4,S4_box_two_screens,4,False,True,True,False,,,,,,,
s_v2_full,no_skill,S4,S4_etoile,2,False,True,True,False,,,,,,,
s_v2_full,no_skill,S4,S4_etoile,4,False,True,False,False,,,,,,,
s_v2_full,no_skill,S4,S4_simple_street_canyon,1,False,True,True,False,,,,,,,
s_v2_full,no_skill,S4,S4_simple_street_canyon,3,False,True,True,False,,,,,,,
s_v2_full,no_skill,S4,S4_simple_street_canyon,4,False,True,False,False,,,,,,,
s_v2_full,self_gen,S1,S1_box_one_screen,5,False,True,False,False,,,,,,,
s_v2_full,self_gen,S1,S1_box_two_screens,3,False,True,True,False,,,2.889616341712614,,,,
s_v2_full,self_gen,S1,S1_box_two_screens,4,False,True,True,False,,,,,,,
s_v2_full,self_gen,S1,S1_box_two_screens,5,False,True,False,False,,,,,,,
s_v2_full,self_gen,S1,S1_etoile,1,False,True,True,False,,,,,,,
s_v2_full,self_gen,S1,S1_etoile,2,False,True,True,False,,,,,,,
s_v2_full,self_gen,S1,S1_etoile,4,False,True,True,False,,,2.9911515861607914,,,,
s_v2_full,self_gen,S1,S1_simple_street_canyon,1,False,True,False,False,,,,,,,
s_v2_full,self_gen,S1,S1_simple_street_canyon,4,False,True,True,False,,,,,,,
s_v2_full,self_gen,S1,S1_simple_street_canyon,5,False,True,True,False,,,,,,,
s_v2_full,self_gen,S2,S2_box_one_screen,1,False,True,True,False,,,,,,,
s_v2_full,self_gen,S2,S2_box_one_screen,2,False,True,False,False,,,,,,,
s_v2_full,self_gen,S2,S2_box_one_screen,3,False,True,False,False,,,,,,,
s_v2_full,self_gen,S2,S2_box_two_screens,1,False,True,True,False,,,,,,,
s_v2_full,self_gen,S2,S2_box_two_screens,5,False,True,True,False,,,8.336487976898676,,,,
s_v2_full,self_gen,S2,S2_etoile,2,False,True,True,False,,,,,,,
s_v2_full,self_gen,S2,S2_etoile,4,False,True,True,False,,,,,,,
s_v2_full,self_gen,S2,S2_simple_street_canyon,3,False,True,False,False,,,,,,,
s_v2_full,self_gen,S2,S2_simple_street_canyon,4,False,True,True,False,,,,,,,
s_v2_full,self_gen,S3,S3_box_one_screen,4,False,True,True,False,,,,,,,
s_v2_full,self_gen,S3,S3_box_one_screen,5,False,True,False,False,,,,,,,
s_v2_full,self_gen,S3,S3_box_two_screens,5,False,True,True,False,,,,,,,
s_v2_full,self_gen,S3,S3_etoile,2,False,True,True,False,,,,,,,
s_v2_full,self_gen,S3,S3_simple_street_canyon,3,False,True,True,False,,,,,,,
s_v2_full,self_gen,S4,S4_box_one_screen,3,False,True,False,False,,,,,,,
s_v2_full,self_gen,S4,S4_box_one_screen,4,False,True,True,False,,,,,,,
s_v2_full,self_gen,S4,S4_box_one_screen,5,False,True,True,False,,,,,,,
s_v2_full,self_gen,S4,S4_box_two_screens,4,False,True,True,False,,,,,,,
s_v2_full,self_gen,S4,S4_box_two_screens,5,False,True,True,False,,,,,,,
s_v2_full,self_gen,S4,S4_etoile,1,False,True,True,False,,,,,,,
s_v2_full,self_gen,S4,S4_etoile,4,False,True,False,False,,,,,,,
s_v2_full,self_gen,S4,S4_simple_street_canyon,1,False,True,True,False,,,,,,,
s_v2_full,self_gen,S4,S4_simple_street_canyon,2,False,True,False,False,,,,,,,
s_v2_full,with_skill,S1,S1_box_one_screen,1,True,True,True,True,,,0.0,,,0.0,
s_v2_full,with_skill,S1,S1_box_one_screen,2,True,True,True,True,,,0.0009999999999998899,,,0.0,
s_v2_full,with_skill,S1,S1_box_one_screen,3,True,True,True,True,,,0.0,,,0.0,
s_v2_full,with_skill,S1,S1_box_one_screen,4,True,True,True,True,,,0.8639999999999999,,,12.202863793468296,
s_v2_full,with_skill,S1,S1_box_one_screen,5,True,True,True,True,,,0.0009999999999998899,,,0.0007053678493380484,
s_v2_full,with_skill,S1,S1_box_two_screens,1,True,True,True,True,,,0.4872499999999995,,,4.746580169654147,
s_v2_full,with_skill,S1,S1_box_two_screens,2,True,True,True,True,,,0.12800000000000034,,,1.260093912659533,
s_v2_full,with_skill,S1,S1_box_two_screens,3,True,True,True,True,,,0.08999999999999986,,,0.8898776418242568,
s_v2_full,with_skill,S1,S1_box_two_screens,4,True,True,True,True,,,0.12749999999999995,,,1.260093912659533,
s_v2_full,with_skill,S1,S1_box_two_screens,5,True,True,True,True,,,0.09149999999999969,,,0.8898776418242568,
s_v2_full,with_skill,S1,S1_etoile,1,True,True,True,True,,,3.0650000000000004,,,21.826005376441078,
s_v2_full,with_skill,S1,S1_etoile,2,True,True,True,True,,,3.0650000000000004,,,21.826005376441078,
s_v2_full,with_skill,S1,S1_etoile,3,True,True,True,True,,,2.9850000000000003,,,21.42547855738178,
s_v2_full,with_skill,S1,S1_etoile,4,True,True,True,True,,,0.0,,,0.00902087430313246,
s_v2_full,with_skill,S1,S1_etoile,5,True,True,True,True,,,3.0650000000000004,,,21.807963627834816,
s_v2_full,with_skill,S1,S1_simple_street_canyon,1,True,True,True,True,,,0.0,,,0.0,
s_v2_full,with_skill,S1,S1_simple_street_canyon,2,True,True,True,True,,,0.0,,,0.0,
s_v2_full,with_skill,S1,S1_simple_street_canyon,3,True,True,True,True,,,0.0,,,0.0,
s_v2_full,with_skill,S1,S1_simple_street_canyon,4,True,True,True,True,,,0.4675,,,6.3322569265420245,
s_v2_full,with_skill,S1,S1_simple_street_canyon,5,True,True,True,True,,,0.4675,,,6.3322569265420245,
s_v2_full,with_skill,S2,S2_box_one_screen,1,True,True,True,True,0.0,,0.0,,,0.0,
s_v2_full,with_skill,S2,S2_box_one_screen,2,True,True,True,True,0.0,,0.0,,,0.0,
s_v2_full,with_skill,S2,S2_box_one_screen,3,True,True,True,True,0.0,,0.0,,,0.0,
s_v2_full,with_skill,S2,S2_box_one_screen,4,True,True,True,True,1.7895000000000039,,1.79,,,17.496317105759033,
s_v2_full,with_skill,S2,S2_box_one_screen,5,True,True,True,True,0.0,,0.0024999999999999467,,,0.0,
s_v2_full,with_skill,S2,S2_box_two_screens,1,True,True,True,True,0.0,,0.0,,,0.0,
s_v2_full,with_skill,S2,S2_box_two_screens,2,True,True,True,True,1.0690000000000026,,1.0700000000000003,,,13.648427353323171,
s_v2_full,with_skill,S2,S2_box_two_screens,3,True,True,True,True,0.0,,0.004999999999999893,,,0.0,
s_v2_full,with_skill,S2,S2_box_two_screens,4,True,True,True,True,0.0,,0.0,,,0.0,
s_v2_full,with_skill,S2,S2_box_two_screens,5,True,True,True,True,0.0,,0.0,,,0.0,
s_v2_full,with_skill,S2,S2_etoile,1,True,True,True,True,0.0007500000000000284,,0.0,,,0.006185311945903035,
s_v2_full,with_skill,S2,S2_etoile,2,True,True,True,True,0.0007500000000000284,,0.0,,,0.006185311945903035,
s_v2_full,with_skill,S2,S2_etoile,3,True,True,True,True,3.3275000000000006,,3.325,,,21.20943466248814,
s_v2_full,with_skill,S2,S2_etoile,4,True,True,True,True,3.3270000000000017,,3.3275,,,21.203249350542233,
s_v2_full,with_skill,S2,S2_etoile,5,True,True,True,True,0.0,,0.0,,,0.0,
s_v2_full,with_skill,S2,S2_simple_street_canyon,1,True,True,True,True,2.4367500000000035,,2.442499999999999,,,16.137975370150876,
s_v2_full,with_skill,S2,S2_simple_street_canyon,2,True,True,True,True,3.4292500000000032,,3.432499999999999,,,23.440544829941548,
s_v2_full,with_skill,S2,S2_simple_street_canyon,3,True,True,True,True,0.0,,0.0,,,0.0,
s_v2_full,with_skill,S2,S2_simple_street_canyon,4,True,True,True,True,2.4367500000000035,,2.442499999999999,,,16.137975370150876,
s_v2_full,with_skill,S2,S2_simple_street_canyon,5,True,True,True,True,0.0,,0.0,,,0.0020089599614232867,
s_v2_full,with_skill,S3,S3_box_one_screen,1,True,True,True,True,,,,,,0.0008064732922980869,
s_v2_full,with_skill,S3,S3_box_one_screen,2,True,True,True,True,,,0.0025555555555555145,,,0.0008064732922980869,
s_v2_full,with_skill,S3,S3_box_one_screen,3,False,True,True,False,,,,,,,
s_v2_full,with_skill,S3,S3_box_one_screen,4,True,True,True,True,,,,,,0.0008064732922980869,
s_v2_full,with_skill,S3,S3_box_one_screen,5,True,True,True,True,,,0.0,,,0.0,
s_v2_full,with_skill,S3,S3_box_two_screens,1,True,True,True,True,,,0.07066666666666595,,,0.0005033269914120686,
s_v2_full,with_skill,S3,S3_box_two_screens,2,False,True,True,False,,,,,,,
s_v2_full,with_skill,S3,S3_box_two_screens,3,False,True,True,False,,,,,,,
s_v2_full,with_skill,S3,S3_box_two_screens,4,False,True,True,False,,,,,,,
s_v2_full,with_skill,S3,S3_box_two_screens,5,False,True,True,False,,,,,,,
s_v2_full,with_skill,S3,S3_etoile,1,True,True,True,True,,,,,,8.959377618949736,
s_v2_full,with_skill,S3,S3_etoile,2,False,True,True,False,,,,,,,
s_v2_full,with_skill,S3,S3_etoile,3,False,True,True,False,,,,,,8.959377618949736,
s_v2_full,with_skill,S3,S3_etoile,4,True,True,True,True,,,,,,8.959377618949736,
s_v2_full,with_skill,S3,S3_etoile,5,False,True,True,False,,,,,,,
s_v2_full,with_skill,S3,S3_simple_street_canyon,1,False,True,False,True,,,,,,0.5213742237670432,
s_v2_full,with_skill,S3,S3_simple_street_canyon,2,True,True,True,True,,,,,,0.0,
s_v2_full,with_skill,S3,S3_simple_street_canyon,3,True,True,True,True,,,,,,0.0,
s_v2_full,with_skill,S3,S3_simple_street_canyon,4,False,True,True,False,,,,,,,
s_v2_full,with_skill,S3,S3_simple_street_canyon,5,False,True,True,False,,,,,,,
s_v2_full,with_skill,S4,S4_box_one_screen,1,True,True,True,True,0.0,,,,,0.0,
s_v2_full,with_skill,S4,S4_box_one_screen,2,False,True,True,False,0.0,,,,,,
s_v2_full,with_skill,S4,S4_box_one_screen,3,False,True,True,False,0.0,,,,,,
s_v2_full,with_skill,S4,S4_box_one_screen,4,False,True,True,False,0.0,,,,,,
s_v2_full,with_skill,S4,S4_box_one_screen,5,False,True,True,False,0.0,,,,,,
s_v2_full,with_skill,S4,S4_box_two_screens,1,True,True,True,True,0.0,,,,,0.00033881077419236174,
s_v2_full,with_skill,S4,S4_box_two_screens,2,True,True,True,True,0.0,,,,,0.0,
s_v2_full,with_skill,S4,S4_box_two_screens,3,True,True,True,True,2.7719999999999985,,,,,39.87735049974591,
s_v2_full,with_skill,S4,S4_box_two_screens,4,False,True,True,False,0.0,,,,,,
s_v2_full,with_skill,S4,S4_box_two_screens,5,False,True,True,False,0.0,,,,,,
s_v2_full,with_skill,S4,S4_etoile,1,False,True,True,False,3.3275000000000006,,,,,,
s_v2_full,with_skill,S4,S4_etoile,2,False,True,True,False,3.3272499999999994,,,,,,
s_v2_full,with_skill,S4,S4_etoile,3,True,True,True,True,0.0025000000000048317,,,,,0.014762810839178513,
s_v2_full,with_skill,S4,S4_etoile,4,False,True,True,False,3.3270000000000017,,,,,,
s_v2_full,with_skill,S4,S4_etoile,5,True,True,True,True,3.3270000000000017,,,,,16.352060232268226,
s_v2_full,with_skill,S4,S4_simple_street_canyon,1,True,True,True,True,0.0,,,,,0.0,
s_v2_full,with_skill,S4,S4_simple_street_canyon,2,True,True,True,True,0.0,,,,,0.00040253229405939916,
s_v2_full,with_skill,S4,S4_simple_street_canyon,3,True,True,True,True,0.0,,,,,0.00040253229405939916,
s_v2_full,with_skill,S4,S4_simple_street_canyon,4,False,True,True,False,2.4367500000000035,,,,,,
s_v2_full,with_skill,S4,S4_simple_street_canyon,5,True,True,True,True,0.0,,,,,0.0,
s_v2_l2_all,no_skill,S1,S1_box_one_screen,1,True,True,True,True,,,0.6313826847076416,,,9.020013833420983,
s_v2_l2_all,no_skill,S1,S1_box_one_screen,2,True,True,True,True,,,0.6393032479286194,,,9.129538471829765,
s_v2_l2_all,no_skill,S1,S1_box_one_screen,3,True,True,True,True,,,0.6313879224060008,,,9.020088245433215,
s_v2_l2_all,no_skill,S1,S1_box_one_screen,4,True,True,True,True,,,0.6313877511024475,,,9.02008320470114,
s_v2_l2_all,no_skill,S1,S1_box_one_screen,5,True,True,True,True,,,0.0012807136477045455,,,0.0003456118289835505,
s_v2_l2_all,no_skill,S1,S1_box_two_screens,1,True,True,True,True,,,2.1272666255860453,,,19.58464728963431,
s_v2_l2_all,no_skill,S1,S1_box_two_screens,2,True,True,True,True,,,0.5885398815612548,,,5.721799202710808,
s_v2_l2_all,no_skill,S1,S1_box_two_screens,3,True,True,True,True,,,2.0340296967413143,,,18.858812572379822,
s_v2_l2_all,no_skill,S1,S1_box_two_screens,4,True,True,True,True,,,0.5681684222900181,,,5.524771002944962,
s_v2_l2_all,no_skill,S1,S1_box_two_screens,5,True,True,True,True,,,0.002326509062222204,,,0.0016870752964680076,
s_v2_l2_all,no_skill,S1,S1_etoile,1,True,True,True,True,,,0.07629300117492654,,,0.7933225013503995,
s_v2_l2_all,no_skill,S1,S1_etoile,3,True,True,True,True,,,0.0034601996735670326,,,0.003206710454893301,
s_v2_l2_all,no_skill,S1,S1_etoile,4,True,True,True,True,,,1.0644842189192285,,,11.642619799881892,
s_v2_l2_all,no_skill,S1,S1_etoile,5,True,True,True,True,,,0.0827523612976071,,,0.7855779574327454,
s_v2_l2_all,no_skill,S1,S1_simple_street_canyon,1,True,True,True,True,,,0.012726643085479772,,,0.13683250822472715,
s_v2_l2_all,no_skill,S1,S1_simple_street_canyon,2,True,True,True,True,,,0.01272804461640209,,,0.13685002223257958,
s_v2_l2_all,no_skill,S1,S1_simple_street_canyon,3,True,True,True,True,,,0.012733986782095696,,,0.13694474559930195,
s_v2_l2_all,no_skill,S1,S1_simple_street_canyon,4,True,True,True,True,,,0.012690219316687235,,,0.13641574278837362,
s_v2_l2_all,no_skill,S1,S1_simple_street_canyon,5,True,True,True,True,,,0.01269019547297412,,,0.1364154030050071,
s_v2_l2_all,no_skill,S2,S2_box_one_screen,1,True,True,True,True,0.00017134157253373417,,0.0026713415725367895,,,0.0006402529452437613,
s_v2_l2_all,no_skill,S2,S2_box_one_screen,2,True,True,True,True,1.3292823932364222,,1.3287823932364207,,,13.614806054668046,
s_v2_l2_all,no_skill,S2,S2_box_one_screen,3,True,True,True,True,1.7930127063233368,,1.7925127063233344,,,17.568029855777066,
s_v2_l2_all,no_skill,S2,S2_box_one_screen,4,True,True,True,True,0.00017146084353392155,,0.0026714608435360887,,,0.0006391464829574739,
s_v2_l2_all,no_skill,S2,S2_box_one_screen,5,True,True,True,True,1.7930123673746259,,1.7925123673746226,,,17.568026728338136,
s_v2_l2_all,no_skill,S2,S2_box_two_screens,1,True,True,True,True,2.1664244244939894,,2.1614244244939873,,,30.678176087755784,
s_v2_l2_all,no_skill,S2,S2_box_two_screens,2,True,True,True,True,2.166424560546872,,2.161424560546875,,,30.678177741523182,
s_v2_l2_all,no_skill,S2,S2_box_two_screens,3,True,True,True,True,0.00022430419922159217,,0.005220966339111399,,,0.002604491074256066,
s_v2_l2_all,no_skill,S2,S2_box_two_screens,4,True,True,True,True,2.166424560546872,,2.161424560546875,,,30.678175048897085,
s_v2_l2_all,no_skill,S2,S2_box_two_screens,5,True,True,True,True,2.166424560546872,,2.161424322128296,,,30.678177741523182,
s_v2_l2_all,no_skill,S2,S2_etoile,1,True,True,True,True,0.35728411192802767,,0.3577841119280256,,,1.6372679048856502,
s_v2_l2_all,no_skill,S2,S2_etoile,2,True,True,True,True,0.2903776855468756,,0.29087625503540027,,,1.1869799411939224,
s_v2_l2_all,no_skill,S2,S2_etoile,3,True,True,True,True,0.0002565131244907093,,0.002577363723295978,,,3.2081782768020513,
s_v2_l2_all,no_skill,S2,S2_etoile,4,True,True,True,True,0.35884509277343923,,0.3593453311920167,,,1.6473009199866224,
s_v2_l2_all,no_skill,S2,S2_etoile,5,True,True,True,True,0.35117861061343447,,0.3516786106134253,,,1.5991997101561306,
s_v2_l2_all,no_skill,S2,S2_simple_street_canyon,1,True,True,True,True,0.01405206298828432,,0.01680420875549249,,,2.3654973073216974,
s_v2_l2_all,no_skill,S2,S2_simple_street_canyon,2,True,True,True,True,0.015528438458076721,,0.018278438458073865,,,0.10578317895818047,
s_v2_l2_all,no_skill,S2,S2_simple_street_canyon,3,True,True,True,True,0.000324999999996578,,0.0025249999999994444,,,0.0014464511722162019,
s_v2_l2_all,no_skill,S2,S2_simple_street_canyon,4,True,True,True,True,0.00497243838054473,,0.0034011808193836757,,,0.03439516891224649,
s_v2_l2_all,no_skill,S2,S2_simple_street_canyon,5,True,True,True,True,0.01551032114636186,,0.018260321146358116,,,0.10564143715327497,
s_v2_l2_all,no_skill,S3,S3_box_one_screen,2,False,True,True,False,,,0.9760570930035234,,,23.833827475636863,
s_v2_l2_all,no_skill,S3,S3_box_one_screen,3,False,True,True,False,,,0.976061111111111,,,23.8338396193446,
s_v2_l2_all,no_skill,S3,S3_box_one_screen,4,False,True,True,False,,,,,,23.8338180261798,
s_v2_l2_all,no_skill,S3,S3_box_two_screens,1,False,True,True,False,,,5.019868292388165,,,23.960050542825623,
s_v2_l2_all,no_skill,S3,S3_box_two_screens,2,False,True,True,False,,,5.261116666666667,,,30.54873715257854,
s_v2_l2_all,no_skill,S3,S3_box_two_screens,3,False,True,True,False,,,,,,22.24743619902753,
s_v2_l2_all,no_skill,S3,S3_box_two_screens,4,False,True,True,False,,,6.079044444444445,,,26.159917051711805,
s_v2_l2_all,no_skill,S3,S3_box_two_screens,5,False,True,True,False,,,,,,24.796152568477634,
s_v2_l2_all,no_skill,S3,S3_etoile,1,True,True,True,True,,,,,,0.0018026280419339903,
s_v2_l2_all,no_skill,S3,S3_etoile,2,True,True,True,True,,,,,,0.5532803086605151,
s_v2_l2_all,no_skill,S3,S3_etoile,5,False,True,True,False,,,,,,1904.1648911683174,
s_v2_l2_all,no_skill,S3,S3_simple_street_canyon,1,True,True,True,True,,,5.288471111155041,,,8.001250156857528,
s_v2_l2_all,no_skill,S3,S3_simple_street_canyon,2,True,True,True,True,,,0.26148208976001,,,0.5152479373477473,
s_v2_l2_all,no_skill,S3,S3_simple_street_canyon,3,True,True,True,True,,,0.2620277777777773,,,0.522645868215245,
s_v2_l2_all,no_skill,S3,S3_simple_street_canyon,4,True,True,True,True,,,,,,0.5235852272091017,
s_v2_l2_all,no_skill,S3,S3_simple_street_canyon,5,True,True,True,True,,,,,,0.522645868215245,
s_v2_l2_all,no_skill,S4,S4_box_one_screen,1,True,True,True,True,1.793012541947757,,,,,5642.76534616386,
s_v2_l2_all,no_skill,S4,S4_box_one_screen,4,False,True,True,False,1.7930123674309755,,,,,99.85621485684891,
s_v2_l2_all,no_skill,S4,S4_box_one_screen,5,True,True,True,True,0.00017133586515782895,,,,,4899.984264856369,
s_v2_l2_all,no_skill,S4,S4_box_two_screens,1,False,True,True,False,2.1664245214554043,,,,,30.678178578602306,
s_v2_l2_all,no_skill,S4,S4_box_two_screens,2,True,True,True,True,2.166424300190368,,,,,30.678176195879278,
s_v2_l2_all,no_skill,S4,S4_box_two_screens,3,False,True,True,False,2.166424729637221,,,,,6433.909093655871,
s_v2_l2_all,no_skill,S4,S4_box_two_screens,4,True,True,True,True,2.1664244728420705,,,,,30.678190065063383,
s_v2_l2_all,no_skill,S4,S4_etoile,1,True,True,True,True,0.3588727377696834,,,,,4910.4129123911425,
s_v2_l2_all,no_skill,S4,S4_etoile,2,True,True,True,True,0.3400529044670719,,,,,0.2211617646687515,
s_v2_l2_all,no_skill,S4,S4_etoile,3,True,True,True,True,1.5991470317717535,,,,,5461.322820683907,
s_v2_l2_all,no_skill,S4,S4_etoile,4,True,True,True,True,0.35887382514327726,,,,,0.20825824782285549,
s_v2_l2_all,no_skill,S4,S4_etoile,5,True,True,True,True,0.3588734787559176,,,,,4910.4129123911425,
s_v2_l2_all,no_skill,S4,S4_simple_street_canyon,1,True,True,True,True,0.015550000000004616,,,,,0.11320305924544606,
s_v2_l2_all,no_skill,S4,S4_simple_street_canyon,2,True,True,True,True,0.015545275678910286,,,,,0.11775509270853508,
s_v2_l2_all,no_skill,S4,S4_simple_street_canyon,3,True,True,True,True,17.830250000000007,,,,,10676.17204596187,
s_v2_l2_all,no_skill,S4,S4_simple_street_canyon,4,True,True,True,True,0.015545410390465975,,,,,0.11775776562916118,
s_v2_l2_all,no_skill,S4,S4_simple_street_canyon,5,True,True,True,True,0.015528204655190336,,,,,4905.868108521683,
s_v2_l2_all,self_gen,S1,S1_box_one_screen,1,True,True,True,True,,,0.0012807440757751642,,,0.0003473743730102465,
s_v2_l2_all,self_gen,S1,S1_box_one_screen,2,True,True,True,True,,,0.6405354874080502,,,9.14676377314432,
s_v2_l2_all,self_gen,S1,S1_box_one_screen,3,True,True,True,True,,,0.0012809824943542658,,,0.0003416702533980409,
s_v2_l2_all,self_gen,S1,S1_box_one_screen,4,True,True,True,True,,,0.0012837850412847907,,,0.00030285233914862405,
s_v2_l2_all,self_gen,S1,S1_box_one_screen,5,True,True,True,True,,,0.0012805330056412378,,,0.00034826023171616045,
s_v2_l2_all,self_gen,S1,S1_box_two_screens,1,True,True,True,True,,,0.09160710430339902,,,0.8920182520423424,
s_v2_l2_all,self_gen,S1,S1_box_two_screens,2,True,True,True,True,,,0.5466070399495824,,,5.314918736911826,
s_v2_l2_all,self_gen,S1,S1_box_two_screens,3,True,True,True,True,,,0.5619271951379268,,,5.466903692503054,
s_v2_l2_all,self_gen,S1,S1_box_two_screens,4,True,True,True,True,,,0.5864270401000975,,,5.7011459557770205,
s_v2_l2_all,self_gen,S1,S1_box_two_screens,5,True,True,True,True,,,0.5544396440723396,,,5.393487696415679,
s_v2_l2_all,self_gen,S1,S1_etoile,1,True,True,True,True,,,0.07096336433286554,,,0.7356558289905901,
s_v2_l2_all,self_gen,S1,S1_etoile,2,True,True,True,True,,,0.0028942030764438353,,,0.010624546485605953,
s_v2_l2_all,self_gen,S1,S1_etoile,3,True,True,True,True,,,1.0761887299632282,,,11.774447394205886,
s_v2_l2_all,self_gen,S1,S1_etoile,4,True,True,True,True,,,0.0034316528507276622,,,0.0028939408878423238,
s_v2_l2_all,self_gen,S1,S1_etoile,5,True,True,True,True,,,0.0028953504562378996,,,0.010585019247232692,
s_v2_l2_all,self_gen,S1,S1_simple_street_canyon,1,True,True,True,True,,,0.01272717952728275,,,0.13683897802416548,
s_v2_l2_all,self_gen,S1,S1_simple_street_canyon,2,True,True,True,True,,,0.2110078092726385,,,2.8951379057001003,
s_v2_l2_all,self_gen,S1,S1_simple_street_canyon,3,True,True,True,True,,,0.002170660495758092,,,2.8011643653032274e-05,
s_v2_l2_all,self_gen,S1,S1_simple_street_canyon,4,True,True,True,True,,,0.011877260208129847,,,0.18849812163151883,
s_v2_l2_all,self_gen,S1,S1_simple_street_canyon,5,True,True,True,True,,,0.012657011015183683,,,0.13596790414832824,
s_v2_l2_all,self_gen,S2,S2_box_one_screen,1,True,True,True,True,1.798841367424174,,1.7983413674241717,,,17.615106816215402,
s_v2_l2_all,self_gen,S2,S2_box_one_screen,2,True,True,True,True,0.00017138823443829665,,0.0026713882344397977,,,0.0006396255691934422,
s_v2_l2_all,self_gen,S2,S2_box_one_screen,3,True,True,True,True,1.7988413314326923,,1.7983413314326886,,,17.61510691370664,
s_v2_l2_all,self_gen,S2,S2_box_one_screen,4,True,True,True,True,0.0001715087890623579,,0.0026715087890627487,,,0.0006375558991673902,
s_v2_l2_all,self_gen,S2,S2_box_one_screen,5,True,True,True,True,0.0001715087890623579,,0.0026715087890627487,,,0.0006375558991521759,
s_v2_l2_all,self_gen,S2,S2_box_two_screens,1,True,True,True,True,2.1664245531119874,,2.1614245531119938,,,30.678177150769585,
s_v2_l2_all,self_gen,S2,S2_box_two_screens,2,True,True,True,True,2.1664243899082667,,2.1614243899082703,,,30.678175084306382,
s_v2_l2_all,self_gen,S2,S2_box_two_screens,3,True,True,True,True,2.1664243258943134,,2.1614243258943175,,,30.678174254175705,
s_v2_l2_all,self_gen,S2,S2_box_two_screens,4,True,True,True,True,2.166424560546872,,2.161425037384033,,,30.678180434149287,
s_v2_l2_all,self_gen,S2,S2_box_two_screens,5,True,True,True,True,2.166424560546872,,2.161425037384033,,,30.678180434149287,
s_v2_l2_all,self_gen,S2,S2_etoile,1,True,True,True,True,0.00025689697265462996,,0.0025765991210930927,,,0.0003394783268107178,
s_v2_l2_all,self_gen,S2,S2_etoile,2,True,True,True,True,0.0008869922125107621,,0.0022150702971988068,,,0.00607213859834769,
s_v2_l2_all,self_gen,S2,S2_etoile,3,True,True,True,True,0.00025569654624746363,,0.002576728049279886,,,7.982074674748841,
s_v2_l2_all,self_gen,S2,S2_etoile,4,True,True,True,True,0.0002557124274567002,,0.002576743930486458,,,0.00033899530292953815,
s_v2_l2_all,self_gen,S2,S2_etoile,5,True,True,True,True,0.00025689697265462996,,0.0025768375396721943,,,0.0003424277133889251,
s_v2_l2_all,self_gen,S2,S2_simple_street_canyon,1,True,True,True,True,0.000315306846371044,,0.0025331888863635577,,,0.001440719891518278,
s_v2_l2_all,self_gen,S2,S2_simple_street_canyon,2,True,True,True,True,0.00031408691405943046,,0.0025332164764400034,,,0.0014379777116542648,
s_v2_l2_all,self_gen,S2,S2_simple_street_canyon,3,True,True,True,True,0.00031408691405943046,,0.0025332164764400034,,,0.0014408515519204123,
s_v2_l2_all,self_gen,S2,S2_simple_street_canyon,4,True,True,True,True,0.004970752623659536,,0.0034173024608392666,,,0.03442917724698582,
s_v2_l2_all,self_gen,S2,S2_simple_street_canyon,5,True,True,True,True,0.015528557677708221,,0.01827855767770714,,,0.10578389690146928,
s_v2_l2_all,self_gen,S3,S3_box_one_screen,2,True,True,True,True,,,,,,0.0005682478063520292,
s_v2_l2_all,self_gen,S3,S3_box_one_screen,3,False,True,True,False,,,,,,23.83384211113277,
s_v2_l2_all,self_gen,S3,S3_box_one_screen,5,True,True,True,True,,,0.0024079677836264116,,,0.0005760189210833695,
s_v2_l2_all,self_gen,S3,S3_box_two_screens,1,False,True,True,False,,,5.034538888888889,,,24.010992661492462,
s_v2_l2_all,self_gen,S3,S3_box_two_screens,2,True,True,True,True,,,0.11936111111111031,,,1.2149508249529393,
s_v2_l2_all,self_gen,S3,S3_box_two_screens,3,False,True,True,False,,,,,,1504076804.3744404,
s_v2_l2_all,self_gen,S3,S3_box_two_screens,4,True,True,True,True,,,0.05261111111111042,,,1.2150313572715588,
s_v2_l2_all,self_gen,S3,S3_box_two_screens,5,True,True,True,True,,,0.05203634349318821,,,0.007530639638122104,
s_v2_l2_all,self_gen,S3,S3_etoile,1,True,True,True,True,,,,,,0.0017951896729726476,
s_v2_l2_all,self_gen,S3,S3_etoile,3,False,True,True,False,,,,,,22.093977252195497,
s_v2_l2_all,self_gen,S3,S3_etoile,4,True,True,True,True,,,,,,0.20824640432750538,
s_v2_l2_all,self_gen,S3,S3_etoile,5,True,True,True,True,,,,,,0.20825097642353174,
s_v2_l2_all,self_gen,S3,S3_simple_street_canyon,1,True,True,True,True,,,,,,0.522645868215245,
s_v2_l2_all,self_gen,S3,S3_simple_street_canyon,2,True,True,True,True,,,0.002803726089593697,,,0.00024840456229540216,
s_v2_l2_all,self_gen,S3,S3_simple_street_canyon,3,True,True,True,True,,,0.0028222222222219605,,,0.0002543288896403573,
s_v2_l2_all,self_gen,S4,S4_box_one_screen,1,True,True,True,True,7.640689311193615,,,,,71.88803751029013,
s_v2_l2_all,self_gen,S4,S4_box_one_screen,2,True,True,True,True,5.920216463782783,,,,,7774.403174771417,
s_v2_l2_all,self_gen,S4,S4_box_one_screen,3,True,True,True,True,1.7930107955932648,,,,,14.250218029179461,
s_v2_l2_all,self_gen,S4,S4_box_one_screen,4,True,True,True,True,0.0001715087890623579,,,,,4899.983817168861,
s_v2_l2_all,self_gen,S4,S4_box_one_screen,5,True,True,True,True,0.0001714608435072762,,,,,4899.98403116782,
s_v2_l2_all,self_gen,S4,S4_box_two_screens,1,True,True,True,True,0.00022054684259131818,,,,,0.002596496307236513,
s_v2_l2_all,self_gen,S4,S4_box_two_screens,2,True,True,True,True,2.1664245714530193,,,,,30.678178171220907,
s_v2_l2_all,self_gen,S4,S4_box_two_screens,3,True,True,True,True,0.00022400000000288856,,,,,4899.870111807556,
s_v2_l2_all,self_gen,S4,S4_box_two_screens,4,True,True,True,True,2.166424736008276,,,,,6433.909107114006,
s_v2_l2_all,self_gen,S4,S4_box_two_screens,5,True,True,True,True,2.166424560546872,,,,,6433.909008244334,
s_v2_l2_all,self_gen,S4,S4_etoile,2,True,True,True,True,0.3572832511215722,,,,,4909.991184406656,
s_v2_l2_all,self_gen,S4,S4_etoile,3,True,True,True,True,0.3588734507650848,,,,,4717.614062005102,
s_v2_l2_all,self_gen,S4,S4_etoile,4,True,True,True,True,0.0002555928139074126,,,,,4900.082177003841,
s_v2_l2_all,self_gen,S4,S4_etoile,5,True,True,True,True,0.00025569654624746363,,,,,4900.082177003841,
s_v2_l2_all,self_gen,S4,S4_simple_street_canyon,1,True,True,True,True,0.0003154656754773555,,,,,4899.839800332489,
s_v2_l2_all,self_gen,S4,S4_simple_street_canyon,2,True,True,True,True,0.00031519432087634414,,,,,4899.840068852166,
s_v2_l2_all,self_gen,S4,S4_simple_street_canyon,3,True,True,True,True,0.00031408691405943046,,,,,0.0031979411102081062,
s_v2_l2_all,self_gen,S4,S4_simple_street_canyon,4,True,True,True,True,0.015525000000003786,,,,,99.99363925787682,
s_v2_l2_all,with_skill,S1,S1_box_one_screen,1,True,True,True,True,,,0.0,,,0.0,
s_v2_l2_all,with_skill,S1,S1_box_one_screen,2,True,True,True,True,,,0.0,,,0.0,
s_v2_l2_all,with_skill,S1,S1_box_one_screen,3,True,True,True,True,,,0.0009999999999998899,,,0.0003526839246690242,
s_v2_l2_all,with_skill,S1,S1_box_one_screen,4,True,True,True,True,,,0.64825,,,9.257953022501225,
s_v2_l2_all,with_skill,S1,S1_box_one_screen,5,True,True,True,True,,,0.0012793384036308142,,,0.0003657743566857774,
s_v2_l2_all,with_skill,S1,S1_box_two_screens,1,True,True,True,True,,,0.029899999999999816,,,0.04724503052585723,
s_v2_l2_all,with_skill,S1,S1_box_two_screens,2,True,True,True,True,,,0.09999999999999987,,,0.9747896305479429,
s_v2_l2_all,with_skill,S1,S1_box_two_screens,3,True,True,True,True,,,0.5389999999999999,,,5.242882252545227,
s_v2_l2_all,with_skill,S1,S1_box_two_screens,4,True,True,True,True,,,0.09149999999999969,,,0.8900474658016977,
s_v2_l2_all,with_skill,S1,S1_etoile,1,True,True,True,True,,,0.003750000000000364,,,0.0,
s_v2_l2_all,with_skill,S1,S1_etoile,2,True,True,True,True,,,0.0,,,0.00902087430313246,
s_v2_l2_all,with_skill,S1,S1_etoile,3,True,True,True,True,,,0.003750000000000142,,,0.003770725458709721,
s_v2_l2_all,with_skill,S1,S1_etoile,4,True,True,True,True,,,0.0,,,0.0,
s_v2_l2_all,with_skill,S1,S1_etoile,5,True,True,True,True,,,0.003750000000000364,,,0.0,
s_v2_l2_all,with_skill,S1,S1_simple_street_canyon,1,True,True,True,True,,,0.0,,,0.0,
s_v2_l2_all,with_skill,S1,S1_simple_street_canyon,2,True,True,True,True,,,0.0,,,0.0,
s_v2_l2_all,with_skill,S1,S1_simple_street_canyon,3,True,True,True,True,,,0.0,,,0.0,
s_v2_l2_all,with_skill,S1,S1_simple_street_canyon,4,True,True,True,True,,,0.0,,,0.0,
s_v2_l2_all,with_skill,S1,S1_simple_street_canyon,5,True,True,True,True,,,0.0,,,0.0013568152831641876,
s_v2_l2_all,with_skill,S2,S2_box_one_screen,1,True,True,True,True,1.799000000000003,,1.7999999999999998,,,17.616225290349114,
s_v2_l2_all,with_skill,S2,S2_box_one_screen,2,True,True,True,True,0.0,,0.0,,,0.0,
s_v2_l2_all,with_skill,S2,S2_box_one_screen,3,True,True,True,True,0.0,,0.0,,,0.0,
s_v2_l2_all,with_skill,S2,S2_box_one_screen,4,True,True,True,True,0.0,,0.0,,,0.0,
s_v2_l2_all,with_skill,S2,S2_box_one_screen,5,True,True,True,True,0.0,,0.0,,,0.0,
s_v2_l2_all,with_skill,S2,S2_box_two_screens,1,True,True,True,True,0.0,,0.0,,,0.0,
s_v2_l2_all,with_skill,S2,S2_box_two_screens,2,True,True,True,True,2.165999999999997,,2.16,,,30.67366875599977,
s_v2_l2_all,with_skill,S2,S2_box_two_screens,3,True,True,True,True,0.00019999999999953388,,0.005199999999999871,,,0.0025975492687328756,
s_v2_l2_all,with_skill,S2,S2_box_two_screens,4,True,True,True,True,2.165999999999997,,2.16,,,30.67931560223616,
s_v2_l2_all,with_skill,S2,S2_box_two_screens,5,True,True,True,True,0.0,,0.0,,,0.0,
s_v2_l2_all,with_skill,S2,S2_etoile,1,True,True,True,True,0.002500000000001279,,0.002500000000000391,,,0.014432394540434311,
s_v2_l2_all,with_skill,S2,S2_etoile,2,True,True,True,True,0.0007500000000000284,,0.0,,,0.006185311945903035,
s_v2_l2_all,with_skill,S2,S2_etoile,3,True,True,True,True,0.0007500000000000284,,0.0,,,0.006185311945903035,
s_v2_l2_all,with_skill,S2,S2_etoile,4,True,True,True,True,0.0007500000000000284,,0.0,,,0.006185311945903035,
s_v2_l2_all,with_skill,S2,S2_etoile,5,True,True,True,True,0.0008750000000006253,,0.0022249999999999215,,,0.006082223413456973,
s_v2_l2_all,with_skill,S2,S2_simple_street_canyon,1,True,True,True,True,0.0,,0.0,,,0.0,
s_v2_l2_all,with_skill,S2,S2_simple_street_canyon,2,True,True,True,True,0.0,,0.0,,,0.0,
s_v2_l2_all,with_skill,S2,S2_simple_street_canyon,3,True,True,True,True,0.0,,0.0,,,0.0,
s_v2_l2_all,with_skill,S2,S2_simple_street_canyon,4,True,True,True,True,0.0,,0.0,,,0.0,
s_v2_l2_all,with_skill,S2,S2_simple_street_canyon,5,True,True,True,True,0.0,,0.0,,,0.0,
s_v2_l2_all,with_skill,S3,S3_box_one_screen,1,True,True,True,True,,,0.0,,,0.0,
s_v2_l2_all,with_skill,S3,S3_box_one_screen,2,True,True,True,True,,,0.0025555555555555145,,,0.0,
s_v2_l2_all,with_skill,S3,S3_box_one_screen,3,True,True,True,True,,,0.0025555555555555145,,,0.0,
s_v2_l2_all,with_skill,S3,S3_box_one_screen,4,True,True,True,True,,,0.0025555555555555145,,,0.0008064732922980869,
s_v2_l2_all,with_skill,S3,S3_box_one_screen,5,True,True,True,True,,,0.0025555555555555145,,,0.0008064732922980869,
s_v2_l2_all,with_skill,S3,S3_box_two_screens,1,True,True,True,True,,,0.004499999999999282,,,0.0005033269914120686,
s_v2_l2_all,with_skill,S3,S3_box_two_screens,2,True,True,True,True,,,0.10849999999999933,,,0.0,
s_v2_l2_all,with_skill,S3,S3_box_two_screens,3,True,True,True,True,,,,,,0.0020133079656482742,
s_v2_l2_all,with_skill,S3,S3_box_two_screens,4,True,True,True,True,,,0.07066666666666595,,,0.0003019961948543938,
s_v2_l2_all,with_skill,S3,S3_box_two_screens,5,True,True,True,True,,,0.15583333333333282,,,2.8504414177714748,
s_v2_l2_all,with_skill,S3,S3_etoile,1,True,True,True,True,,,1.704611111111111,,,0.6166885406619077,
s_v2_l2_all,with_skill,S3,S3_etoile,2,True,True,True,True,,,0.0022222222222224707,,,0.001581252668374237,
s_v2_l2_all,with_skill,S3,S3_etoile,3,True,True,True,True,,,,,,0.001581252668374237,
s_v2_l2_all,with_skill,S3,S3_etoile,4,True,True,True,True,,,0.0022222222222224707,,,0.001581252668374237,
s_v2_l2_all,with_skill,S3,S3_etoile,5,True,True,True,True,,,0.0024444444444447675,,,0.00031625053366080306,
s_v2_l2_all,with_skill,S3,S3_simple_street_canyon,2,True,True,True,True,,,0.002722222222222095,,,0.0,
s_v2_l2_all,with_skill,S3,S3_simple_street_canyon,3,True,True,True,True,,,0.002722222222222095,,,0.0,
s_v2_l2_all,with_skill,S3,S3_simple_street_canyon,5,True,True,True,True,,,0.0026111111111110454,,,0.0002119407413606897,
s_v2_l2_all,with_skill,S4,S4_box_one_screen,1,True,True,True,True,0.0,,,,,0.7448002536461613,
s_v2_l2_all,with_skill,S4,S4_box_one_screen,2,True,True,True,True,0.0,,,,,0.000634115409008593,
s_v2_l2_all,with_skill,S4,S4_box_one_screen,3,True,True,True,True,0.0,,,,,0.000634115409008593,
s_v2_l2_all,with_skill,S4,S4_box_one_screen,4,True,True,True,True,1.799000000000003,,,,,14.853614457831323,
s_v2_l2_all,with_skill,S4,S4_box_one_screen,5,True,True,True,True,0.0,,,,,0.000634115409008593,
s_v2_l2_all,with_skill,S4,S4_box_two_screens,1,True,True,True,True,1.2289999999999992,,,,,5747.371901293128,
s_v2_l2_all,with_skill,S4,S4_box_two_screens,2,True,True,True,True,0.0,,,,,0.0025975492687328756,
s_v2_l2_all,with_skill,S4,S4_box_two_screens,3,True,True,True,True,0.0,,,,,0.00033881077419236174,
s_v2_l2_all,with_skill,S4,S4_box_two_screens,4,True,True,True,True,0.00019999999999953388,,,,,0.0025975492687328756,
s_v2_l2_all,with_skill,S4,S4_etoile,1,True,True,True,True,0.0,,,,,0.0002788530936242978,
s_v2_l2_all,with_skill,S4,S4_etoile,2,True,True,True,True,0.0,,,,,0.0002788530936242978,
s_v2_l2_all,with_skill,S4,S4_etoile,3,True,True,True,True,0.0,,,,,0.0002788530936242978,
s_v2_l2_all,with_skill,S4,S4_etoile,4,True,True,True,True,0.0025000000000048317,,,,,0.015090873302273634,
s_v2_l2_all,with_skill,S4,S4_etoile,5,True,True,True,True,0.0,,,,,14.091644249065022,
s_v2_l2_all,with_skill,S4,S4_simple_street_canyon,1,True,True,True,True,0.0,,,,,0.8928898159329592,
s_v2_l2_all,with_skill,S4,S4_simple_street_canyon,2,True,True,True,True,0.0,,,,,0.00040253229405939916,
s_v2_l2_all,with_skill,S4,S4_simple_street_canyon,3,True,True,True,True,0.0,,,,,0.00040253229405939916,
s_v2_l2_all,with_skill,S4,S4_simple_street_canyon,4,True,True,True,True,0.0,,,,,0.00040253229405939916,
s_v2_l2_all,with_skill,S4,S4_simple_street_canyon,5,True,True,True,True,0.0,,,,,0.00040253229405939916,
s_v2_smoke,with_skill,S2,S2_etoile,1,True,True,True,True,3.3247500000000016,,3.3225,,,21.186755185353174,
s_v2_smoke,with_skill,S4,S4_box_two_screens,1,True,True,True,True,2.165999999999997,,,,,30.67180529674178,
smoke,with_skill,U001,U001,1,True,True,,True,,,,,,,
smoke,with_skill,U019,U019,1,True,True,,True,,,,,,,
smoke,with_skill,U079,U079,1,True,True,True,,,,,,,,
smoke_t0v2,with_skill,T0E001,T0E001,1,True,True,True,,,,,,,,
smoke_t0v2,with_skill,T0E051,T0E051,1,True,True,True,,,,,,,,
smoke_t0v2,with_skill,T0H027,T0H027,1,False,True,False,,,,,,,,
t0v2_b,no_skill,T0E024,T0E024,3,False,True,False,,,,,,,,
t0v2_b,no_skill,T0E048,T0E048,2,False,True,False,,,,,,,,
t0v2_b,no_skill,T0H008,T0H008,1,False,True,False,,,,,,,,
t0v2_b,with_skill,T0E011,T0E011,3,False,True,False,,,,,,,,
t0v2_b,with_skill,T0E023,T0E023,2,True,True,True,,,,,,,,
t0v2_b,with_skill,T0E026,T0E026,3,True,True,True,,,,,,,,
t0v2_b,with_skill,T0E038,T0E038,3,False,True,False,,,,,,,,
t0v2_b,with_skill,T0E042,T0E042,2,True,True,True,,,,,,,,
t0v2_b,with_skill,T0E047,T0E047,2,False,True,False,,,,,,,,
t0v2_b,with_skill,T0E048,T0E048,1,False,True,False,,,,,,,,
t0v2_b_ns,no_skill,T0E030,T0E030,3,False,True,False,,,,,,,,
t0v2_b_ns,no_skill,T0E032,T0E032,3,False,True,False,,,,,,,,
t0v2_b_ns,no_skill,T0E037,T0E037,1,False,True,False,,,,,,,,
t0v2_b_ns,no_skill,T0E056,T0E056,3,False,True,False,,,,,,,,
t0v2_b_ns,no_skill,T0H008,T0H008,3,False,True,False,,,,,,,,
t0v2_b_ns,no_skill,T0H009,T0H009,2,False,,,,,,,,,,
t0v2_b_ns,no_skill,T0H009,T0H009,3,False,True,False,,,,,,,,
t0v2_b_ns,no_skill,T0H023,T0H023,2,False,True,False,,,,,,,,
t0v2_b_sg,self_gen,T0E005,T0E005,1,False,True,False,,,,,,,,
t0v2_b_sg,self_gen,T0E006,T0E006,1,False,True,False,,,,,,,,
t0v2_b_sg,self_gen,T0E007,T0E007,2,False,True,False,,,,,,,,
t0v2_b_sg,self_gen,T0E041,T0E041,1,False,True,False,,,,,,,,
t0v2_b_sg,self_gen,T0E041,T0E041,2,False,True,False,,,,,,,,
t0v2_b_sg,self_gen,T0E051,T0E051,2,False,True,False,,,,,,,,
t0v2_b_sg,self_gen,T0E055,T0E055,1,False,True,False,,,,,,,,
t0v2_b_sg,self_gen,T0E056,T0E056,1,False,True,False,,,,,,,,
t0v2_b_sg,self_gen,T0E056,T0E056,3,False,True,False,,,,,,,,
t0v2_b_sg,self_gen,T0H001,T0H001,3,False,,,,,,,,,,
t0v2_b_sg,self_gen,T0H019,T0H019,1,True,True,True,,,,,,,,
t0v2_b_sg,self_gen,T0H038,T0H038,2,False,True,False,,,,,,,,
t0v2_b_sg,self_gen,T0H039,T0H039,1,False,True,False,,,,,,,,
t0v2_b_test,no_skill,T0E044,T0E044,1,False,True,False,,,,,,,,
t0v2_b_test,no_skill,T0E045,T0E045,1,False,True,False,,,,,,,,
t0v2_b_test,no_skill,T0H026,T0H026,1,False,True,False,,,,,,,,
t0v2_b_test,with_skill,T0E014,T0E014,1,True,True,True,,,,,,,,
t0v2_b_test,with_skill,T0E015,T0E015,1,True,True,True,,,,,,,,
t0v2_b_test,with_skill,T0E016,T0E016,1,True,True,True,,,,,,,,
t0v2_b_test,with_skill,T0E017,T0E017,1,True,True,True,,,,,,,,
t0v2_b_test,with_skill,T0E018,T0E018,1,True,True,True,,,,,,,,
t0v2_b_test,with_skill,T0E019,T0E019,1,True,True,True,,,,,,,,
t0v2_b_test,with_skill,T0E020,T0E020,1,True,True,True,,,,,,,,
t0v2_b_test,with_skill,T0E021,T0E021,1,True,True,True,,,,,,,,
t0v2_b_test,with_skill,T0E022,T0E022,1,True,True,True,,,,,,,,
t0v2_b_test,with_skill,T0E027,T0E027,1,True,True,True,,,,,,,,
t0v2_b_test,with_skill,T0E028,T0E028,1,True,True,True,,,,,,,,
t0v2_b_test,with_skill,T0E034,T0E034,1,False,,,,,,,,,,
t0v2_b_test,with_skill,T0E035,T0E035,1,True,True,True,,,,,,,,
t0v2_b_test,with_skill,T0E036,T0E036,1,True,True,True,,,,,,,,
t0v2_b_test,with_skill,T0E043,T0E043,1,True,True,True,,,,,,,,
t0v2_b_test,with_skill,T0E044,T0E044,1,True,True,True,,,,,,,,
t0v2_b_test,with_skill,T0E045,T0E045,1,True,True,True,,,,,,,,
t0v2_b_test,with_skill,T0E046,T0E046,1,True,True,True,,,,,,,,
t0v2_b_test,with_skill,T0E049,T0E049,1,True,True,True,,,,,,,,
t0v2_b_test,with_skill,T0E050,T0E050,1,True,True,True,,,,,,,,
t0v2_b_test,with_skill,T0E057,T0E057,1,True,True,True,,,,,,,,
t0v2_b_test,with_skill,T0E058,T0E058,1,False,True,False,,,,,,,,
t0v2_b_test,with_skill,T0E059,T0E059,1,True,True,True,,,,,,,,
t0v2_b_test,with_skill,T0E060,T0E060,1,False,True,False,,,,,,,,
t0v2_b_test,with_skill,T0H004,T0H004,1,True,True,True,,,,,,,,
t0v2_b_test,with_skill,T0H005,T0H005,1,True,True,True,,,,,,,,
t0v2_b_test,with_skill,T0H011,T0H011,1,True,True,True,,,,,,,,
t0v2_b_test,with_skill,T0H016,T0H016,1,True,True,True,,,,,,,,
t0v2_b_test,with_skill,T0H017,T0H017,1,False,True,False,,,,,,,,
t0v2_b_test,with_skill,T0H018,T0H018,1,True,True,True,,,,,,,,
t0v2_b_test,with_skill,T0H025,T0H025,1,True,True,True,,,,,,,,
t0v2_b_test,with_skill,T0H026,T0H026,1,True,True,True,,,,,,,,
t0v2_b_test,with_skill,T0H033,T0H033,1,True,True,True,,,,,,,,
t0v2_b_test,with_skill,T0H035,T0H035,1,True,True,True,,,,,,,,
t0v2_b_test,with_skill,T0H040,T0H040,1,False,True,False,,,,,,,,
t0v2_b_test_sg,self_gen,T0E059,T0E059,1,False,True,False,,,,,,,,
t0v2_b_ws,with_skill,T0E001,T0E001,1,True,True,True,,,,,,,,
t0v2_b_ws,with_skill,T0E001,T0E001,2,True,True,True,,,,,,,,
t0v2_b_ws,with_skill,T0E001,T0E001,3,True,True,True,,,,,,,,
t0v2_b_ws,with_skill,T0E002,T0E002,1,True,True,True,,,,,,,,
t0v2_b_ws,with_skill,T0E002,T0E002,2,True,True,True,,,,,,,,
t0v2_b_ws,with_skill,T0E002,T0E002,3,True,True,True,,,,,,,,
t0v2_b_ws,with_skill,T0E003,T0E003,1,True,True,True,,,,,,,,
t0v2_b_ws,with_skill,T0E003,T0E003,2,True,True,True,,,,,,,,
t0v2_b_ws,with_skill,T0E003,T0E003,3,True,True,True,,,,,,,,
t0v2_b_ws,with_skill,T0E004,T0E004,1,True,True,True,,,,,,,,
t0v2_b_ws,with_skill,T0E004,T0E004,2,True,True,True,,,,,,,,
t0v2_b_ws,with_skill,T0E004,T0E004,3,True,True,True,,,,,,,,
t0v2_b_ws,with_skill,T0E005,T0E005,1,True,True,True,,,,,,,,
t0v2_b_ws,with_skill,T0E005,T0E005,2,True,True,True,,,,,,,,
t0v2_b_ws,with_skill,T0E005,T0E005,3,True,True,True,,,,,,,,
t0v2_b_ws,with_skill,T0E006,T0E006,1,True,True,True,,,,,,,,
t0v2_b_ws,with_skill,T0E006,T0E006,2,True,True,True,,,,,,,,
t0v2_b_ws,with_skill,T0E006,T0E006,3,True,True,True,,,,,,,,
t0v2_b_ws,with_skill,T0E007,T0E007,1,True,True,True,,,,,,,,
t0v2_b_ws,with_skill,T0E007,T0E007,2,True,True,True,,,,,,,,
t0v2_b_ws,with_skill,T0E007,T0E007,3,True,True,True,,,,,,,,
t0v2_b_ws,with_skill,T0E008,T0E008,1,True,True,True,,,,,,,,
t0v2_b_ws,with_skill,T0E008,T0E008,2,True,True,True,,,,,,,,
t0v2_b_ws,with_skill,T0E008,T0E008,3,False,True,False,,,,,,,,
t0v2_b_ws,with_skill,T0E009,T0E009,1,True,True,True,,,,,,,,
t0v2_b_ws,with_skill,T0E009,T0E009,2,True,True,True,,,,,,,,
t0v2_b_ws,with_skill,T0E009,T0E009,3,True,True,True,,,,,,,,
t0v2_b_ws,with_skill,T0E010,T0E010,1,True,True,True,,,,,,,,
t0v2_b_ws,with_skill,T0E010,T0E010,2,True,True,True,,,,,,,,
t0v2_b_ws,with_skill,T0E010,T0E010,3,True,True,True,,,,,,,,
t0v2_b_ws,with_skill,T0E011,T0E011,1,True,True,True,,,,,,,,
t0v2_b_ws,with_skill,T0E011,T0E011,2,True,True,True,,,,,,,,
t0v2_b_ws,with_skill,T0E011,T0E011,3,True,True,True,,,,,,,,
t0v2_b_ws,with_skill,T0E012,T0E012,1,False,True,False,,,,,,,,
t0v2_b_ws,with_skill,T0E012,T0E012,2,True,True,True,,,,,,,,
t0v2_b_ws,with_skill,T0E012,T0E012,3,True,True,True,,,,,,,,
t0v2_b_ws,with_skill,T0E013,T0E013,1,False,True,False,,,,,,,,
t0v2_b_ws,with_skill,T0E013,T0E013,2,True,True,True,,,,,,,,
t0v2_b_ws,with_skill,T0E023,T0E023,1,True,True,True,,,,,,,,
t0v2_b_ws,with_skill,T0E023,T0E023,2,True,True,True,,,,,,,,
t0v2_b_ws,with_skill,T0E023,T0E023,3,True,True,True,,,,,,,,
t0v2_b_ws,with_skill,T0E024,T0E024,1,True,True,True,,,,,,,,
t0v2_b_ws,with_skill,T0E024,T0E024,2,True,True,True,,,,,,,,
t0v2_b_ws,with_skill,T0E024,T0E024,3,True,True,True,,,,,,,,
t0v2_b_ws,with_skill,T0E025,T0E025,1,True,True,True,,,,,,,,
t0v2_b_ws,with_skill,T0E025,T0E025,2,True,True,True,,,,,,,,
t0v2_b_ws,with_skill,T0E025,T0E025,3,True,True,True,,,,,,,,
t0v2_b_ws,with_skill,T0E026,T0E026,1,True,True,True,,,,,,,,
t0v2_b_ws,with_skill,T0E026,T0E026,2,True,True,True,,,,,,,,
t0v2_b_ws,with_skill,T0E026,T0E026,3,True,True,True,,,,,,,,
t0v2_b_ws,with_skill,T0E029,T0E029,1,False,True,False,,,,,,,,
t0v2_b_ws,with_skill,T0E029,T0E029,2,True,True,True,,,,,,,,
t0v2_b_ws,with_skill,T0E029,T0E029,3,True,True,True,,,,,,,,
t0v2_b_ws,with_skill,T0E030,T0E030,1,True,True,True,,,,,,,,
t0v2_b_ws,with_skill,T0E030,T0E030,2,True,True,True,,,,,,,,
t0v2_b_ws,with_skill,T0E030,T0E030,3,True,True,True,,,,,,,,
t0v2_b_ws,with_skill,T0E031,T0E031,1,True,True,True,,,,,,,,
t0v2_b_ws,with_skill,T0E031,T0E031,2,True,True,True,,,,,,,,
t0v2_b_ws,with_skill,T0E031,T0E031,3,True,True,True,,,,,,,,
t0v2_b_ws,with_skill,T0E032,T0E032,1,True,True,True,,,,,,,,
t0v2_b_ws,with_skill,T0E032,T0E032,2,True,True,True,,,,,,,,
t0v2_b_ws,with_skill,T0E032,T0E032,3,True,True,True,,,,,,,,
t0v2_b_ws,with_skill,T0E033,T0E033,1,True,True,True,,,,,,,,
t0v2_b_ws,with_skill,T0E033,T0E033,2,True,True,True,,,,,,,,
t0v2_b_ws,with_skill,T0E033,T0E033,3,True,True,True,,,,,,,,
t0v2_b_ws,with_skill,T0E037,T0E037,1,True,True,True,,,,,,,,
t0v2_b_ws,with_skill,T0E037,T0E037,2,True,True,True,,,,,,,,
t0v2_b_ws,with_skill,T0E037,T0E037,3,True,True,True,,,,,,,,
t0v2_b_ws,with_skill,T0E038,T0E038,1,True,True,True,,,,,,,,
t0v2_b_ws,with_skill,T0E038,T0E038,2,True,True,True,,,,,,,,
t0v2_b_ws,with_skill,T0E038,T0E038,3,True,True,True,,,,,,,,
t0v2_b_ws,with_skill,T0E039,T0E039,1,True,True,True,,,,,,,,
t0v2_b_ws,with_skill,T0E039,T0E039,2,True,True,True,,,,,,,,
t0v2_b_ws,with_skill,T0E039,T0E039,3,True,True,True,,,,,,,,
t0v2_b_ws,with_skill,T0E040,T0E040,1,True,True,True,,,,,,,,
t0v2_b_ws,with_skill,T0E040,T0E040,2,True,True,True,,,,,,,,
t0v2_b_ws,with_skill,T0E040,T0E040,3,True,True,True,,,,,,,,
t0v2_b_ws,with_skill,T0E041,T0E041,1,True,True,True,,,,,,,,
t0v2_b_ws,with_skill,T0E041,T0E041,2,True,True,True,,,,,,,,
t0v2_b_ws,with_skill,T0E041,T0E041,3,True,True,True,,,,,,,,
t0v2_b_ws,with_skill,T0E042,T0E042,1,True,True,True,,,,,,,,
t0v2_b_ws,with_skill,T0E042,T0E042,2,True,True,True,,,,,,,,
t0v2_b_ws,with_skill,T0E042,T0E042,3,True,True,True,,,,,,,,
t0v2_b_ws,with_skill,T0E047,T0E047,1,False,True,False,,,,,,,,
t0v2_b_ws,with_skill,T0E047,T0E047,2,False,True,False,,,,,,,,
t0v2_b_ws,with_skill,T0E047,T0E047,3,False,True,False,,,,,,,,
t0v2_b_ws,with_skill,T0E048,T0E048,1,True,True,True,,,,,,,,
t0v2_b_ws,with_skill,T0E048,T0E048,2,False,True,False,,,,,,,,
t0v2_b_ws,with_skill,T0E048,T0E048,3,False,True,False,,,,,,,,
t0v2_b_ws,with_skill,T0E051,T0E051,3,True,True,True,,,,,,,,
t0v2_b_ws,with_skill,T0E052,T0E052,1,True,True,True,,,,,,,,
t0v2_b_ws,with_skill,T0E052,T0E052,2,True,True,True,,,,,,,,
t0v2_b_ws,with_skill,T0E053,T0E053,1,False,True,False,,,,,,,,
t0v2_b_ws,with_skill,T0E053,T0E053,3,False,True,False,,,,,,,,
t0v2_b_ws,with_skill,T0E054,T0E054,2,True,True,True,,,,,,,,
t0v2_b_ws,with_skill,T0E055,T0E055,1,False,True,False,,,,,,,,
t0v2_b_ws,with_skill,T0E055,T0E055,2,True,True,True,,,,,,,,
t0v2_b_ws,with_skill,T0E055,T0E055,3,False,True,False,,,,,,,,
t0v2_b_ws,with_skill,T0E056,T0E056,1,True,True,True,,,,,,,,
t0v2_b_ws,with_skill,T0E056,T0E056,2,True,True,True,,,,,,,,
t0v2_b_ws,with_skill,T0E056,T0E056,3,False,True,False,,,,,,,,
t0v2_b_ws,with_skill,T0H001,T0H001,2,True,True,True,,,,,,,,
t0v2_b_ws,with_skill,T0H001,T0H001,3,True,True,True,,,,,,,,
t0v2_b_ws,with_skill,T0H002,T0H002,1,True,True,True,,,,,,,,
t0v2_b_ws,with_skill,T0H002,T0H002,3,True,True,True,,,,,,,,
t0v2_b_ws,with_skill,T0H003,T0H003,1,True,True,True,,,,,,,,
t0v2_b_ws,with_skill,T0H003,T0H003,2,True,True,True,,,,,,,,
t0v2_b_ws,with_skill,T0H003,T0H003,3,True,True,True,,,,,,,,
t0v2_b_ws,with_skill,T0H007,T0H007,1,True,True,True,,,,,,,,
t0v2_b_ws,with_skill,T0H007,T0H007,2,True,True,True,,,,,,,,
t0v2_b_ws,with_skill,T0H007,T0H007,3,True,True,True,,,,,,,,
t0v2_b_ws,with_skill,T0H008,T0H008,1,True,True,True,,,,,,,,
t0v2_b_ws,with_skill,T0H008,T0H008,2,True,True,True,,,,,,,,
t0v2_b_ws,with_skill,T0H008,T0H008,3,True,True,True,,,,,,,,
t0v2_b_ws,with_skill,T0H009,T0H009,1,True,True,True,,,,,,,,
t0v2_b_ws,with_skill,T0H009,T0H009,2,True,True,True,,,,,,,,
t0v2_b_ws,with_skill,T0H009,T0H009,3,True,True,True,,,,,,,,
t0v2_b_ws,with_skill,T0H010,T0H010,1,False,True,False,,,,,,,,
t0v2_b_ws,with_skill,T0H010,T0H010,2,False,True,False,,,,,,,,
t0v2_b_ws,with_skill,T0H010,T0H010,3,False,True,False,,,,,,,,
t0v2_b_ws,with_skill,T0H013,T0H013,1,False,True,False,,,,,,,,
t0v2_b_ws,with_skill,T0H014,T0H014,1,False,True,False,,,,,,,,
t0v2_b_ws,with_skill,T0H014,T0H014,3,False,True,False,,,,,,,,
t0v2_b_ws,with_skill,T0H015,T0H015,1,False,True,False,,,,,,,,
t0v2_b_ws,with_skill,T0H015,T0H015,2,False,True,False,,,,,,,,
t0v2_b_ws,with_skill,T0H015,T0H015,3,False,True,False,,,,,,,,
t0v2_b_ws,with_skill,T0H019,T0H019,1,False,True,False,,,,,,,,
t0v2_b_ws,with_skill,T0H019,T0H019,3,False,True,False,,,,,,,,
t0v2_b_ws,with_skill,T0H020,T0H020,1,False,True,False,,,,,,,,
t0v2_b_ws,with_skill,T0H020,T0H020,2,True,True,True,,,,,,,,
t0v2_b_ws,with_skill,T0H020,T0H020,3,False,True,False,,,,,,,,
t0v2_b_ws,with_skill,T0H021,T0H021,1,True,True,True,,,,,,,,
t0v2_b_ws,with_skill,T0H021,T0H021,2,True,True,True,,,,,,,,
t0v2_b_ws,with_skill,T0H021,T0H021,3,True,True,True,,,,,,,,
t0v2_b_ws,with_skill,T0H022,T0H022,1,False,True,False,,,,,,,,
t0v2_b_ws,with_skill,T0H022,T0H022,2,False,True,False,,,,,,,,
t0v2_b_ws,with_skill,T0H022,T0H022,3,False,True,False,,,,,,,,
t0v2_b_ws,with_skill,T0H023,T0H023,1,False,True,False,,,,,,,,
t0v2_b_ws,with_skill,T0H023,T0H023,2,False,True,False,,,,,,,,
t0v2_b_ws,with_skill,T0H023,T0H023,3,False,True,False,,,,,,,,
t0v2_b_ws,with_skill,T0H027,T0H027,1,False,True,False,,,,,,,,
t0v2_b_ws,with_skill,T0H027,T0H027,2,False,True,False,,,,,,,,
t0v2_b_ws,with_skill,T0H027,T0H027,3,False,True,False,,,,,,,,
t0v2_b_ws,with_skill,T0H028,T0H028,1,False,True,False,,,,,,,,
t0v2_b_ws,with_skill,T0H028,T0H028,2,False,True,False,,,,,,,,
t0v2_b_ws,with_skill,T0H029,T0H029,1,True,True,True,,,,,,,,
t0v2_b_ws,with_skill,T0H029,T0H029,2,False,True,False,,,,,,,,
t0v2_b_ws,with_skill,T0H029,T0H029,3,False,True,False,,,,,,,,
t0v2_b_ws,with_skill,T0H030,T0H030,1,False,True,False,,,,,,,,
t0v2_b_ws,with_skill,T0H030,T0H030,3,True,True,True,,,,,,,,
t0v2_b_ws,with_skill,T0H031,T0H031,1,False,True,False,,,,,,,,
t0v2_b_ws,with_skill,T0H031,T0H031,2,False,True,False,,,,,,,,
t0v2_b_ws,with_skill,T0H031,T0H031,3,False,True,False,,,,,,,,
t0v2_b_ws,with_skill,T0H032,T0H032,1,False,True,False,,,,,,,,
t0v2_b_ws,with_skill,T0H032,T0H032,2,True,True,True,,,,,,,,
t0v2_b_ws,with_skill,T0H032,T0H032,3,False,True,False,,,,,,,,
t0v2_b_ws,with_skill,T0H037,T0H037,2,True,True,True,,,,,,,,
t0v2_b_ws,with_skill,T0H037,T0H037,3,False,True,False,,,,,,,,
t0v2_b_ws,with_skill,T0H038,T0H038,1,False,True,False,,,,,,,,
t0v2_b_ws,with_skill,T0H038,T0H038,2,False,True,False,,,,,,,,
t0v2_b_ws,with_skill,T0H038,T0H038,3,False,True,False,,,,,,,,
t0v2_b_ws,with_skill,T0H039,T0H039,1,False,True,False,,,,,,,,
t0v2_b_ws,with_skill,T0H039,T0H039,2,False,True,False,,,,,,,,
t0v2_b_ws,with_skill,T0H039,T0H039,3,False,True,False,,,,,,,,
t0v2_b_ws_v1,with_skill,T0E001,T0E001,1,True,True,True,,,,,,,,
t0v2_b_ws_v1,with_skill,T0E002,T0E002,1,True,True,True,,,,,,,,
t0v2_b_ws_v1,with_skill,T0E003,T0E003,1,True,True,True,,,,,,,,
t0v2_b_ws_v1,with_skill,T0E004,T0E004,1,True,True,True,,,,,,,,
t0v2_b_ws_v1,with_skill,T0E005,T0E005,1,True,True,True,,,,,,,,
t0v2_b_ws_v1,with_skill,T0E006,T0E006,1,True,True,True,,,,,,,,
t0v2_b_ws_v1,with_skill,T0E007,T0E007,1,True,True,True,,,,,,,,
t0v2_b_ws_v1,with_skill,T0E008,T0E008,1,True,True,True,,,,,,,,
t0v2_b_ws_v1,with_skill,T0E009,T0E009,1,True,True,True,,,,,,,,
t0v2_b_ws_v1,with_skill,T0E010,T0E010,1,True,True,True,,,,,,,,
t0v2_b_ws_v1,with_skill,T0E011,T0E011,1,True,True,True,,,,,,,,
t0v2_b_ws_v1,with_skill,T0E012,T0E012,1,True,True,True,,,,,,,,
t0v2_b_ws_v1,with_skill,T0E013,T0E013,1,True,True,True,,,,,,,,
t0v2_b_ws_v1,with_skill,T0E023,T0E023,1,True,True,True,,,,,,,,
t0v2_b_ws_v1,with_skill,T0E024,T0E024,1,True,True,True,,,,,,,,
t0v2_b_ws_v1,with_skill,T0E025,T0E025,1,True,True,True,,,,,,,,
t0v2_b_ws_v1,with_skill,T0E026,T0E026,1,True,True,True,,,,,,,,
t0v2_b_ws_v1,with_skill,T0E029,T0E029,1,True,True,True,,,,,,,,
t0v2_b_ws_v1,with_skill,T0E030,T0E030,1,True,True,True,,,,,,,,
t0v2_b_ws_v1,with_skill,T0E031,T0E031,1,True,True,True,,,,,,,,
t0v2_b_ws_v1,with_skill,T0E032,T0E032,1,True,True,True,,,,,,,,
t0v2_b_ws_v1,with_skill,T0E033,T0E033,1,True,True,True,,,,,,,,
t0v2_b_ws_v1,with_skill,T0E037,T0E037,1,True,True,True,,,,,,,,
t0v2_b_ws_v1,with_skill,T0E038,T0E038,1,True,True,True,,,,,,,,
t0v2_b_ws_v1,with_skill,T0E039,T0E039,1,True,True,True,,,,,,,,
t0v2_b_ws_v1,with_skill,T0E040,T0E040,1,True,True,True,,,,,,,,
t0v2_b_ws_v1,with_skill,T0E041,T0E041,1,True,True,True,,,,,,,,
t0v2_b_ws_v1,with_skill,T0E042,T0E042,1,True,True,True,,,,,,,,
t0v2_b_ws_v1,with_skill,T0E047,T0E047,1,False,True,False,,,,,,,,
t0v2_b_ws_v1,with_skill,T0E048,T0E048,1,False,True,False,,,,,,,,
t0v2_b_ws_v1,with_skill,T0E051,T0E051,1,False,True,False,,,,,,,,
t0v2_b_ws_v1,with_skill,T0E052,T0E052,1,False,True,False,,,,,,,,
t0v2_b_ws_v1,with_skill,T0E053,T0E053,1,False,True,False,,,,,,,,
t0v2_b_ws_v1,with_skill,T0E055,T0E055,1,False,True,False,,,,,,,,
t0v2_b_ws_v1,with_skill,T0E056,T0E056,1,False,True,False,,,,,,,,
t0v2_b_ws_v1,with_skill,T0H001,T0H001,1,False,True,False,,,,,,,,
t0v2_b_ws_v1,with_skill,T0H002,T0H002,1,True,True,True,,,,,,,,
t0v2_b_ws_v1,with_skill,T0H003,T0H003,1,True,True,True,,,,,,,,
t0v2_b_ws_v1,with_skill,T0H007,T0H007,1,True,True,True,,,,,,,,
t0v2_b_ws_v1,with_skill,T0H009,T0H009,1,True,True,True,,,,,,,,
t0v2_b_ws_v1,with_skill,T0H010,T0H010,1,False,True,False,,,,,,,,
t0v2_b_ws_v1,with_skill,T0H014,T0H014,1,False,True,False,,,,,,,,
t0v2_b_ws_v1,with_skill,T0H015,T0H015,1,False,True,False,,,,,,,,
t0v2_b_ws_v1,with_skill,T0H021,T0H021,1,True,True,True,,,,,,,,
t0v2_b_ws_v1,with_skill,T0H022,T0H022,1,False,True,False,,,,,,,,
t0v2_b_ws_v1,with_skill,T0H023,T0H023,1,False,True,False,,,,,,,,
t0v2_b_ws_v1,with_skill,T0H029,T0H029,1,True,True,True,,,,,,,,
t0v2_b_ws_v1,with_skill,T0H030,T0H030,1,False,True,False,,,,,,,,
t0v2_b_ws_v1,with_skill,T0H038,T0H038,1,False,True,False,,,,,,,,
t0v2_b_ws_v1,with_skill,T0H039,T0H039,1,False,True,False,,,,,,,,
t0v2_b_ws_v2,with_skill,T0E001,T0E001,1,True,True,True,,,,,,,,
t0v2_b_ws_v2,with_skill,T0E002,T0E002,1,True,True,True,,,,,,,,
t0v2_b_ws_v2,with_skill,T0E003,T0E003,1,True,True,True,,,,,,,,
t0v2_b_ws_v2,with_skill,T0E004,T0E004,1,True,True,True,,,,,,,,
t0v2_b_ws_v2,with_skill,T0E005,T0E005,1,True,True,True,,,,,,,,
t0v2_b_ws_v2,with_skill,T0E006,T0E006,1,True,True,True,,,,,,,,
t0v2_b_ws_v2,with_skill,T0E007,T0E007,1,True,True,True,,,,,,,,
t0v2_b_ws_v2,with_skill,T0E008,T0E008,1,True,True,True,,,,,,,,
t0v2_b_ws_v2,with_skill,T0E009,T0E009,1,True,True,True,,,,,,,,
t0v2_b_ws_v2,with_skill,T0E010,T0E010,1,True,True,True,,,,,,,,
t0v2_b_ws_v2,with_skill,T0E011,T0E011,1,True,True,True,,,,,,,,
t0v2_b_ws_v2,with_skill,T0E012,T0E012,1,False,True,False,,,,,,,,
t0v2_b_ws_v2,with_skill,T0E013,T0E013,1,True,True,True,,,,,,,,
t0v2_b_ws_v2,with_skill,T0E023,T0E023,1,True,True,True,,,,,,,,
t0v2_b_ws_v2,with_skill,T0E024,T0E024,1,True,True,True,,,,,,,,
t0v2_b_ws_v2,with_skill,T0E025,T0E025,1,True,True,True,,,,,,,,
t0v2_b_ws_v2,with_skill,T0E026,T0E026,1,True,True,True,,,,,,,,
t0v2_b_ws_v2,with_skill,T0E029,T0E029,1,True,True,True,,,,,,,,
t0v2_b_ws_v2,with_skill,T0E030,T0E030,1,True,True,True,,,,,,,,
t0v2_b_ws_v2,with_skill,T0E031,T0E031,1,True,True,True,,,,,,,,
t0v2_b_ws_v2,with_skill,T0E032,T0E032,1,True,True,True,,,,,,,,
t0v2_b_ws_v2,with_skill,T0E033,T0E033,1,True,True,True,,,,,,,,
t0v2_b_ws_v2,with_skill,T0E037,T0E037,1,True,True,True,,,,,,,,
t0v2_b_ws_v2,with_skill,T0E038,T0E038,1,True,True,True,,,,,,,,
t0v2_b_ws_v2,with_skill,T0E039,T0E039,1,True,True,True,,,,,,,,
t0v2_b_ws_v2,with_skill,T0E040,T0E040,1,True,True,True,,,,,,,,
t0v2_b_ws_v2,with_skill,T0E041,T0E041,1,True,True,True,,,,,,,,
t0v2_b_ws_v2,with_skill,T0E042,T0E042,1,True,True,True,,,,,,,,
t0v2_b_ws_v2,with_skill,T0E047,T0E047,1,False,True,False,,,,,,,,
t0v2_b_ws_v2,with_skill,T0E048,T0E048,1,False,True,False,,,,,,,,
t0v2_b_ws_v2,with_skill,T0E052,T0E052,1,True,True,True,,,,,,,,
t0v2_b_ws_v2,with_skill,T0E053,T0E053,1,False,True,False,,,,,,,,
t0v2_b_ws_v2,with_skill,T0E055,T0E055,1,False,True,False,,,,,,,,
t0v2_b_ws_v2,with_skill,T0E056,T0E056,1,True,True,True,,,,,,,,
t0v2_b_ws_v2,with_skill,T0H001,T0H001,1,False,True,False,,,,,,,,
t0v2_b_ws_v2,with_skill,T0H002,T0H002,1,True,True,True,,,,,,,,
t0v2_b_ws_v2,with_skill,T0H003,T0H003,1,True,True,True,,,,,,,,
t0v2_b_ws_v2,with_skill,T0H007,T0H007,1,True,True,True,,,,,,,,
t0v2_b_ws_v2,with_skill,T0H008,T0H008,1,True,True,True,,,,,,,,
t0v2_b_ws_v2,with_skill,T0H009,T0H009,1,True,True,True,,,,,,,,
t0v2_b_ws_v2,with_skill,T0H010,T0H010,1,False,True,False,,,,,,,,
t0v2_b_ws_v2,with_skill,T0H013,T0H013,1,False,True,False,,,,,,,,
t0v2_b_ws_v2,with_skill,T0H014,T0H014,1,False,True,False,,,,,,,,
t0v2_b_ws_v2,with_skill,T0H015,T0H015,1,False,True,False,,,,,,,,
t0v2_b_ws_v2,with_skill,T0H019,T0H019,1,True,True,True,,,,,,,,
t0v2_b_ws_v2,with_skill,T0H020,T0H020,1,True,True,True,,,,,,,,
t0v2_b_ws_v2,with_skill,T0H021,T0H021,1,True,True,True,,,,,,,,
t0v2_b_ws_v2,with_skill,T0H023,T0H023,1,False,True,False,,,,,,,,
t0v2_b_ws_v2,with_skill,T0H027,T0H027,1,False,True,False,,,,,,,,
t0v2_b_ws_v2,with_skill,T0H029,T0H029,1,True,True,True,,,,,,,,
t0v2_b_ws_v2,with_skill,T0H030,T0H030,1,True,True,True,,,,,,,,
t0v2_b_ws_v2,with_skill,T0H031,T0H031,1,False,True,False,,,,,,,,
t0v2_b_ws_v2,with_skill,T0H037,T0H037,1,True,True,True,,,,,,,,
t0v2_b_ws_v2,with_skill,T0H038,T0H038,1,False,True,False,,,,,,,,
t0v2_b_ws_v2,with_skill,T0H039,T0H039,1,False,True,False,,,,,,,,
t0v2_b_ws_v3,with_skill,T0E001,T0E001,1,True,True,True,,,,,,,,
t0v2_b_ws_v3,with_skill,T0E002,T0E002,1,True,True,True,,,,,,,,
t0v2_b_ws_v3,with_skill,T0E003,T0E003,1,True,True,True,,,,,,,,
t0v2_b_ws_v3,with_skill,T0E004,T0E004,1,True,True,True,,,,,,,,
t0v2_b_ws_v3,with_skill,T0E005,T0E005,1,True,True,True,,,,,,,,
t0v2_b_ws_v3,with_skill,T0E006,T0E006,1,True,True,True,,,,,,,,
t0v2_b_ws_v3,with_skill,T0E007,T0E007,1,True,True,True,,,,,,,,
t0v2_b_ws_v3,with_skill,T0E008,T0E008,1,True,True,True,,,,,,,,
t0v2_b_ws_v3,with_skill,T0E009,T0E009,1,True,True,True,,,,,,,,
t0v2_b_ws_v3,with_skill,T0E010,T0E010,1,False,True,False,,,,,,,,
t0v2_b_ws_v3,with_skill,T0E011,T0E011,1,True,True,True,,,,,,,,
t0v2_b_ws_v3,with_skill,T0E012,T0E012,1,False,True,False,,,,,,,,
t0v2_b_ws_v3,with_skill,T0E013,T0E013,1,True,True,True,,,,,,,,
t0v2_b_ws_v3,with_skill,T0E023,T0E023,1,True,True,True,,,,,,,,
t0v2_b_ws_v3,with_skill,T0E024,T0E024,1,True,True,True,,,,,,,,
t0v2_b_ws_v3,with_skill,T0E025,T0E025,1,True,True,True,,,,,,,,
t0v2_b_ws_v3,with_skill,T0E026,T0E026,1,True,True,True,,,,,,,,
t0v2_b_ws_v3,with_skill,T0E029,T0E029,1,True,True,True,,,,,,,,
t0v2_b_ws_v3,with_skill,T0E030,T0E030,1,True,True,True,,,,,,,,
t0v2_b_ws_v3,with_skill,T0E031,T0E031,1,True,True,True,,,,,,,,
t0v2_b_ws_v3,with_skill,T0E032,T0E032,1,True,True,True,,,,,,,,
t0v2_b_ws_v3,with_skill,T0E033,T0E033,1,True,True,True,,,,,,,,
t0v2_b_ws_v3,with_skill,T0E037,T0E037,1,True,True,True,,,,,,,,
t0v2_b_ws_v3,with_skill,T0E038,T0E038,1,True,True,True,,,,,,,,
t0v2_b_ws_v3,with_skill,T0E039,T0E039,1,True,True,True,,,,,,,,
t0v2_b_ws_v3,with_skill,T0E040,T0E040,1,True,True,True,,,,,,,,
t0v2_b_ws_v3,with_skill,T0E041,T0E041,1,True,True,True,,,,,,,,
t0v2_b_ws_v3,with_skill,T0E042,T0E042,1,True,True,True,,,,,,,,
t0v2_b_ws_v3,with_skill,T0E047,T0E047,1,True,True,True,,,,,,,,
t0v2_b_ws_v3,with_skill,T0E048,T0E048,1,False,True,False,,,,,,,,
t0v2_b_ws_v3,with_skill,T0E051,T0E051,1,True,True,True,,,,,,,,
t0v2_b_ws_v3,with_skill,T0E052,T0E052,1,True,True,True,,,,,,,,
t0v2_b_ws_v3,with_skill,T0E053,T0E053,1,False,True,False,,,,,,,,
t0v2_b_ws_v3,with_skill,T0E055,T0E055,1,False,True,False,,,,,,,,
t0v2_b_ws_v3,with_skill,T0H001,T0H001,1,True,True,True,,,,,,,,
t0v2_b_ws_v3,with_skill,T0H002,T0H002,1,True,True,True,,,,,,,,
t0v2_b_ws_v3,with_skill,T0H003,T0H003,1,True,True,True,,,,,,,,
t0v2_b_ws_v3,with_skill,T0H007,T0H007,1,True,True,True,,,,,,,,
t0v2_b_ws_v3,with_skill,T0H008,T0H008,1,True,True,True,,,,,,,,
t0v2_b_ws_v3,with_skill,T0H009,T0H009,1,True,True,True,,,,,,,,
t0v2_b_ws_v3,with_skill,T0H010,T0H010,1,True,True,True,,,,,,,,
t0v2_b_ws_v3,with_skill,T0H013,T0H013,1,False,True,False,,,,,,,,
t0v2_b_ws_v3,with_skill,T0H014,T0H014,1,True,True,True,,,,,,,,
t0v2_b_ws_v3,with_skill,T0H015,T0H015,1,False,True,False,,,,,,,,
t0v2_b_ws_v3,with_skill,T0H019,T0H019,1,True,True,True,,,,,,,,
t0v2_b_ws_v3,with_skill,T0H020,T0H020,1,False,True,False,,,,,,,,
t0v2_b_ws_v3,with_skill,T0H021,T0H021,1,True,True,True,,,,,,,,
t0v2_b_ws_v3,with_skill,T0H022,T0H022,1,True,True,True,,,,,,,,
t0v2_b_ws_v3,with_skill,T0H023,T0H023,1,False,True,False,,,,,,,,
t0v2_b_ws_v3,with_skill,T0H027,T0H027,1,False,True,False,,,,,,,,
t0v2_b_ws_v3,with_skill,T0H028,T0H028,1,True,True,True,,,,,,,,
t0v2_b_ws_v3,with_skill,T0H029,T0H029,1,True,True,True,,,,,,,,
t0v2_b_ws_v3,with_skill,T0H031,T0H031,1,True,True,True,,,,,,,,
t0v2_b_ws_v3,with_skill,T0H032,T0H032,1,False,True,False,,,,,,,,
t0v2_b_ws_v3,with_skill,T0H037,T0H037,1,False,True,False,,,,,,,,
t0v2_b_ws_v3,with_skill,T0H038,T0H038,1,False,True,False,,,,,,,,
t0v2_b_ws_v3,with_skill,T0H039,T0H039,1,False,True,False,,,,,,,,
t0v2_b_ws_v4,with_skill,T0E001,T0E001,1,True,True,True,,,,,,,,
t0v2_b_ws_v4,with_skill,T0E002,T0E002,1,True,True,True,,,,,,,,
t0v2_b_ws_v4,with_skill,T0E003,T0E003,1,True,True,True,,,,,,,,
t0v2_b_ws_v4,with_skill,T0E004,T0E004,1,True,True,True,,,,,,,,
t0v2_b_ws_v4,with_skill,T0E005,T0E005,1,True,True,True,,,,,,,,
t0v2_b_ws_v4,with_skill,T0E006,T0E006,1,True,True,True,,,,,,,,
t0v2_b_ws_v4,with_skill,T0E007,T0E007,1,True,True,True,,,,,,,,
t0v2_b_ws_v4,with_skill,T0E008,T0E008,1,True,True,True,,,,,,,,
t0v2_b_ws_v4,with_skill,T0E009,T0E009,1,True,True,True,,,,,,,,
t0v2_b_ws_v4,with_skill,T0E010,T0E010,1,True,True,True,,,,,,,,
t0v2_b_ws_v4,with_skill,T0E011,T0E011,1,True,True,True,,,,,,,,
t0v2_b_ws_v4,with_skill,T0E012,T0E012,1,False,True,False,,,,,,,,
t0v2_b_ws_v4,with_skill,T0E013,T0E013,1,True,True,True,,,,,,,,
t0v2_b_ws_v4,with_skill,T0E023,T0E023,1,True,True,True,,,,,,,,
t0v2_b_ws_v4,with_skill,T0E024,T0E024,1,True,True,True,,,,,,,,
t0v2_b_ws_v4,with_skill,T0E025,T0E025,1,True,True,True,,,,,,,,
t0v2_b_ws_v4,with_skill,T0E026,T0E026,1,True,True,True,,,,,,,,
t0v2_b_ws_v4,with_skill,T0E029,T0E029,1,True,True,True,,,,,,,,
t0v2_b_ws_v4,with_skill,T0E030,T0E030,1,True,True,True,,,,,,,,
t0v2_b_ws_v4,with_skill,T0E031,T0E031,1,True,True,True,,,,,,,,
t0v2_b_ws_v4,with_skill,T0E032,T0E032,1,True,True,True,,,,,,,,
t0v2_b_ws_v4,with_skill,T0E033,T0E033,1,True,True,True,,,,,,,,
t0v2_b_ws_v4,with_skill,T0E037,T0E037,1,True,True,True,,,,,,,,
t0v2_b_ws_v4,with_skill,T0E038,T0E038,1,True,True,True,,,,,,,,
t0v2_b_ws_v4,with_skill,T0E039,T0E039,1,True,True,True,,,,,,,,
t0v2_b_ws_v4,with_skill,T0E040,T0E040,1,True,True,True,,,,,,,,
t0v2_b_ws_v4,with_skill,T0E041,T0E041,1,True,True,True,,,,,,,,
t0v2_b_ws_v4,with_skill,T0E042,T0E042,1,True,True,True,,,,,,,,
t0v2_b_ws_v4,with_skill,T0E047,T0E047,1,True,True,True,,,,,,,,
t0v2_b_ws_v4,with_skill,T0E048,T0E048,1,False,True,False,,,,,,,,
t0v2_b_ws_v4,with_skill,T0E051,T0E051,1,True,True,True,,,,,,,,
t0v2_b_ws_v4,with_skill,T0E052,T0E052,1,True,True,True,,,,,,,,
t0v2_b_ws_v4,with_skill,T0E053,T0E053,1,False,True,False,,,,,,,,
t0v2_b_ws_v4,with_skill,T0E054,T0E054,1,False,True,False,,,,,,,,
t0v2_b_ws_v4,with_skill,T0E055,T0E055,1,False,True,False,,,,,,,,
t0v2_b_ws_v4,with_skill,T0E056,T0E056,1,True,True,True,,,,,,,,
t0v2_b_ws_v4,with_skill,T0H001,T0H001,1,True,True,True,,,,,,,,
t0v2_b_ws_v4,with_skill,T0H002,T0H002,1,True,True,True,,,,,,,,
t0v2_b_ws_v4,with_skill,T0H003,T0H003,1,True,True,True,,,,,,,,
t0v2_b_ws_v4,with_skill,T0H007,T0H007,1,True,True,True,,,,,,,,
t0v2_b_ws_v4,with_skill,T0H008,T0H008,1,True,True,True,,,,,,,,
t0v2_b_ws_v4,with_skill,T0H009,T0H009,1,True,True,True,,,,,,,,
t0v2_b_ws_v4,with_skill,T0H010,T0H010,1,True,True,True,,,,,,,,
t0v2_b_ws_v4,with_skill,T0H013,T0H013,1,False,True,False,,,,,,,,
t0v2_b_ws_v4,with_skill,T0H014,T0H014,1,True,True,True,,,,,,,,
t0v2_b_ws_v4,with_skill,T0H015,T0H015,1,False,True,False,,,,,,,,
t0v2_b_ws_v4,with_skill,T0H019,T0H019,1,True,True,True,,,,,,,,
t0v2_b_ws_v4,with_skill,T0H020,T0H020,1,True,True,True,,,,,,,,
t0v2_b_ws_v4,with_skill,T0H021,T0H021,1,True,True,True,,,,,,,,
t0v2_b_ws_v4,with_skill,T0H022,T0H022,1,True,True,True,,,,,,,,
t0v2_b_ws_v4,with_skill,T0H023,T0H023,1,False,True,False,,,,,,,,
t0v2_b_ws_v4,with_skill,T0H027,T0H027,1,True,True,True,,,,,,,,
t0v2_b_ws_v4,with_skill,T0H028,T0H028,1,True,True,True,,,,,,,,
t0v2_b_ws_v4,with_skill,T0H029,T0H029,1,True,True,True,,,,,,,,
t0v2_b_ws_v4,with_skill,T0H031,T0H031,1,False,True,False,,,,,,,,
t0v2_b_ws_v4,with_skill,T0H037,T0H037,1,True,True,True,,,,,,,,
t0v2_b_ws_v4,with_skill,T0H038,T0H038,1,False,True,False,,,,,,,,
t0v2_b_ws_v4,with_skill,T0H039,T0H039,1,False,True,False,,,,,,,,
t0v2_b_ws_v5,with_skill,T0E001,T0E001,1,True,True,True,,,,,,,,
t0v2_b_ws_v5,with_skill,T0E002,T0E002,1,True,True,True,,,,,,,,
t0v2_b_ws_v5,with_skill,T0E003,T0E003,1,True,True,True,,,,,,,,
t0v2_b_ws_v5,with_skill,T0E004,T0E004,1,True,True,True,,,,,,,,
t0v2_b_ws_v5,with_skill,T0E005,T0E005,1,True,True,True,,,,,,,,
t0v2_b_ws_v5,with_skill,T0E006,T0E006,1,True,True,True,,,,,,,,
t0v2_b_ws_v5,with_skill,T0E007,T0E007,1,True,True,True,,,,,,,,
t0v2_b_ws_v5,with_skill,T0E008,T0E008,1,True,True,True,,,,,,,,
t0v2_b_ws_v5,with_skill,T0E009,T0E009,1,True,True,True,,,,,,,,
t0v2_b_ws_v5,with_skill,T0E010,T0E010,1,True,True,True,,,,,,,,
t0v2_b_ws_v5,with_skill,T0E011,T0E011,1,True,True,True,,,,,,,,
t0v2_b_ws_v5,with_skill,T0E012,T0E012,1,False,True,False,,,,,,,,
t0v2_b_ws_v5,with_skill,T0E013,T0E013,1,True,True,True,,,,,,,,
t0v2_b_ws_v5,with_skill,T0E023,T0E023,1,True,True,True,,,,,,,,
t0v2_b_ws_v5,with_skill,T0E024,T0E024,1,True,True,True,,,,,,,,
t0v2_b_ws_v5,with_skill,T0E025,T0E025,1,True,True,True,,,,,,,,
t0v2_b_ws_v5,with_skill,T0E026,T0E026,1,True,True,True,,,,,,,,
t0v2_b_ws_v5,with_skill,T0E029,T0E029,1,True,True,True,,,,,,,,
t0v2_b_ws_v5,with_skill,T0E030,T0E030,1,True,True,True,,,,,,,,
t0v2_b_ws_v5,with_skill,T0E031,T0E031,1,True,True,True,,,,,,,,
t0v2_b_ws_v5,with_skill,T0E032,T0E032,1,True,True,True,,,,,,,,
t0v2_b_ws_v5,with_skill,T0E033,T0E033,1,True,True,True,,,,,,,,
t0v2_b_ws_v5,with_skill,T0E037,T0E037,1,True,True,True,,,,,,,,
t0v2_b_ws_v5,with_skill,T0E038,T0E038,1,True,True,True,,,,,,,,
t0v2_b_ws_v5,with_skill,T0E039,T0E039,1,True,True,True,,,,,,,,
t0v2_b_ws_v5,with_skill,T0E040,T0E040,1,True,True,True,,,,,,,,
t0v2_b_ws_v5,with_skill,T0E041,T0E041,1,True,True,True,,,,,,,,
t0v2_b_ws_v5,with_skill,T0E042,T0E042,1,True,True,True,,,,,,,,
t0v2_b_ws_v5,with_skill,T0E047,T0E047,1,True,True,True,,,,,,,,
t0v2_b_ws_v5,with_skill,T0E048,T0E048,1,True,True,True,,,,,,,,
t0v2_b_ws_v5,with_skill,T0E051,T0E051,1,False,True,False,,,,,,,,
t0v2_b_ws_v5,with_skill,T0E052,T0E052,1,False,True,False,,,,,,,,
t0v2_b_ws_v5,with_skill,T0E053,T0E053,1,False,True,False,,,,,,,,
t0v2_b_ws_v5,with_skill,T0E054,T0E054,1,True,True,True,,,,,,,,
t0v2_b_ws_v5,with_skill,T0E055,T0E055,1,False,True,False,,,,,,,,
t0v2_b_ws_v5,with_skill,T0E056,T0E056,1,True,True,True,,,,,,,,
t0v2_b_ws_v5,with_skill,T0H001,T0H001,1,True,True,True,,,,,,,,
t0v2_b_ws_v5,with_skill,T0H002,T0H002,1,True,True,True,,,,,,,,
t0v2_b_ws_v5,with_skill,T0H003,T0H003,1,True,True,True,,,,,,,,
t0v2_b_ws_v5,with_skill,T0H007,T0H007,1,True,True,True,,,,,,,,
t0v2_b_ws_v5,with_skill,T0H008,T0H008,1,True,True,True,,,,,,,,
t0v2_b_ws_v5,with_skill,T0H009,T0H009,1,False,True,False,,,,,,,,
t0v2_b_ws_v5,with_skill,T0H010,T0H010,1,True,True,True,,,,,,,,
t0v2_b_ws_v5,with_skill,T0H013,T0H013,1,False,True,False,,,,,,,,
t0v2_b_ws_v5,with_skill,T0H014,T0H014,1,True,True,True,,,,,,,,
t0v2_b_ws_v5,with_skill,T0H015,T0H015,1,False,True,False,,,,,,,,
t0v2_b_ws_v5,with_skill,T0H019,T0H019,1,True,True,True,,,,,,,,
t0v2_b_ws_v5,with_skill,T0H020,T0H020,1,True,True,True,,,,,,,,
t0v2_b_ws_v5,with_skill,T0H021,T0H021,1,True,True,True,,,,,,,,
t0v2_b_ws_v5,with_skill,T0H022,T0H022,1,True,True,True,,,,,,,,
t0v2_b_ws_v5,with_skill,T0H023,T0H023,1,False,True,False,,,,,,,,
t0v2_b_ws_v5,with_skill,T0H027,T0H027,1,True,True,True,,,,,,,,
t0v2_b_ws_v5,with_skill,T0H029,T0H029,1,False,True,False,,,,,,,,
t0v2_b_ws_v5,with_skill,T0H030,T0H030,1,False,True,False,,,,,,,,
t0v2_b_ws_v5,with_skill,T0H031,T0H031,1,True,True,True,,,,,,,,
t0v2_b_ws_v5,with_skill,T0H032,T0H032,1,True,True,True,,,,,,,,
t0v2_b_ws_v5,with_skill,T0H037,T0H037,1,False,True,False,,,,,,,,
t0v2_b_ws_v5,with_skill,T0H038,T0H038,1,False,True,False,,,,,,,,
t0v2_b_ws_v5,with_skill,T0H039,T0H039,1,True,True,True,,,,,,,,
t1_v7_placement,with_skill,TC1,TC1_S03,1,True,True,True,True,,,,,,,
t1_v7_placement,with_skill,TC1,TC1_S08,1,True,True,True,True,,,,,,,
t1_v7_placement,with_skill,TC1,TC1_S11,1,True,True,True,True,,,,,,,
t1_v7_placement,with_skill,TC1,TC1_S14,1,True,True,True,True,,,,,,,
t1_v7_placement,with_skill,TC1,TC1_S16,1,True,True,True,True,,,,,,,
t1_v7_placement,with_skill,TC1,TC1_S20,1,True,True,True,True,,,,,,,
t2_scene_edit,with_skill,TC4,TC4_S02,1,False,True,True,False,,,,,,,
t2_scene_edit,with_skill,TC4,TC4_S03,1,False,True,False,True,,,,,,,
t2_scene_edit,with_skill,TC4,TC4_S04,1,False,True,False,True,,,,,,,
t2_scene_edit,with_skill,TC4,TC4_S05,1,False,True,False,True,,,,,,,
t2_scene_edit,with_skill,TC4,TC4_S06,1,False,True,True,False,,,,,,,
t2_scene_edit,with_skill,TC4,TC4_S07,1,False,True,True,False,,,,,,,
t2_scene_edit,with_skill,TC4,TC4_S10,1,True,True,True,True,,,,,,,
t2_scene_edit,with_skill,TC4,TC4_S15,1,False,True,True,False,,,,,,,
t2_scene_edit_v2,with_skill,TC4,TC4_S01,1,False,True,True,False,,,,,,,
t2_scene_edit_v2,with_skill,TC4,TC4_S02,1,False,True,True,False,,,,,,,
t2_scene_edit_v2,with_skill,TC4,TC4_S03,1,False,True,True,False,,,,,,,
t2_scene_edit_v2,with_skill,TC4,TC4_S04,1,False,True,True,False,,,,,,,
t2_scene_edit_v2,with_skill,TC4,TC4_S06,1,False,True,True,False,,,,,,,
t2_scene_edit_v2,with_skill,TC4,TC4_S07,1,False,True,True,False,,,,,,,
t2_scene_edit_v2,with_skill,TC4,TC4_S08,1,False,True,True,False,,,,,,,
t2_scene_edit_v2,with_skill,TC4,TC4_S09,1,False,True,True,False,,,,,,,
t2_scene_edit_v2,with_skill,TC4,TC4_S10,1,False,True,True,False,,,,,,,
t2_scene_edit_v2,with_skill,TC4,TC4_S11,1,False,True,True,False,,,,,,,
t2_scene_edit_v2,with_skill,TC4,TC4_S12,1,True,True,True,True,,,,,,,
t2_scene_edit_v2,with_skill,TC4,TC4_S13,1,False,True,False,True,,,,,,,
t2_scene_edit_v2,with_skill,TC4,TC4_S14,1,False,True,True,False,,,,,,,
t2_scene_edit_v2,with_skill,TC4,TC4_S15,1,False,True,False,False,,,,,,,
t2_scene_edit_v2,with_skill,TC4,TC4_S16,1,False,True,True,False,,,,,,,
t2_scene_edit_v2,with_skill,TC4,TC4_S17,1,False,True,True,False,,,,,,,
t2_scene_edit_v2,with_skill,TC4,TC4_S18,1,False,True,False,True,,,,,,,
t2_scene_edit_v2,with_skill,TC4,TC4_S19,1,True,True,True,True,,,,,,,
t2_scene_edit_v3,with_skill,TC4,TC4_S01,1,True,True,True,True,,,,,,,
t2_scene_edit_v3,with_skill,TC4,TC4_S02,1,True,True,True,True,,,,,,,
t2_scene_edit_v3,with_skill,TC4,TC4_S03,1,False,True,False,True,,,,,,,
t2_scene_edit_v3,with_skill,TC4,TC4_S04,1,True,True,True,True,,,,,,,
t2_scene_edit_v3,with_skill,TC4,TC4_S05,1,False,True,False,True,,,,,,,
t2_scene_edit_v3,with_skill,TC4,TC4_S06,1,True,True,True,True,,,,,,,
t2_scene_edit_v3,with_skill,TC4,TC4_S07,1,True,True,True,True,,,,,,,
t2_scene_edit_v3,with_skill,TC4,TC4_S08,1,True,True,True,True,,,,,,,
t2_scene_edit_v3,with_skill,TC4,TC4_S09,1,False,True,False,True,,,,,,,
t2_scene_edit_v3,with_skill,TC4,TC4_S10,1,True,True,True,True,,,,,,,
t2_scene_edit_v3,with_skill,TC4,TC4_S12,1,False,True,False,True,,,,,,,
t2_scene_edit_v3,with_skill,TC4,TC4_S13,1,True,True,True,True,,,,,,,
t2_scene_edit_v3,with_skill,TC4,TC4_S15,1,False,True,False,True,,,,,,,
t2_scene_edit_v3,with_skill,TC4,TC4_S16,1,True,True,True,True,,,,,,,
t2_scene_edit_v3,with_skill,TC4,TC4_S19,1,True,True,True,True,,,,,,,
t2_scene_edit_v3,with_skill,TC4,TC4_S20,1,False,True,False,True,,,,,,,
t2_scene_edit_v3_retry80,with_skill,TC4,TC4_S11,1,True,True,True,True,,,,,,,
t2_scene_edit_v3_retry80,with_skill,TC4,TC4_S14,1,True,True,True,True,,,,,,,
t2_scene_edit_v3_retry80,with_skill,TC4,TC4_S17,1,True,True,True,True,,,,,,,
t2_scene_edit_v3_retry80,with_skill,TC4,TC4_S18,1,True,True,True,True,,,,,,,
t3_ber,with_skill,TC5,TC5_S01,1,False,True,True,False,,,,,,,
t3_ber,with_skill,TC5,TC5_S02,1,False,True,False,False,,,,,,,
t3_ber,with_skill,TC5,TC5_S03,1,False,True,False,False,,,,,,,
t3_ber,with_skill,TC5,TC5_S04,1,False,True,True,False,,,,,,,
t3_ber,with_skill,TC5,TC5_S06,1,False,True,True,False,,,,,,,
t3_ber,with_skill,TC5,TC5_S07,1,False,True,True,False,,,,,,,
t3_ber,with_skill,TC5,TC5_S08,1,False,True,True,False,,,,,,,
t3_ber,with_skill,TC5,TC5_S09,1,False,True,True,False,,,,,,,
t3_ber,with_skill,TC5,TC5_S10,1,False,True,True,False,,,,,,,
t3_ber,with_skill,TC5,TC5_S11,1,False,True,True,False,,,,,,,
t3_ber,with_skill,TC5,TC5_S14,1,False,True,True,False,,,,,,,
t3_ber,with_skill,TC5,TC5_S15,1,True,True,True,True,,,,,,,
t3_ber,with_skill,TC5,TC5_S17,1,False,True,True,False,,,,,,,
t3_ber,with_skill,TC5,TC5_S18,1,False,True,True,False,,,,,,,
t3_ber,with_skill,TC5,TC5_S19,1,False,True,True,False,,,,,,,
t3_ber_v2,with_skill,TC5,TC5_S01,1,True,True,True,True,,,,,,,
t3_ber_v2,with_skill,TC5,TC5_S02,1,True,True,True,True,,,,,,,
t3_ber_v2,with_skill,TC5,TC5_S03,1,False,True,False,True,,,,,,,
t3_ber_v2,with_skill,TC5,TC5_S04,1,True,True,True,True,,,,,,,
t3_ber_v2,with_skill,TC5,TC5_S05,1,True,True,True,True,,,,,,,
t3_ber_v2,with_skill,TC5,TC5_S06,1,False,True,True,False,,,,,,,
t3_ber_v2,with_skill,TC5,TC5_S07,1,True,True,True,True,,,,,,,
t3_ber_v2,with_skill,TC5,TC5_S08,1,True,True,True,True,,,,,,,
t3_ber_v2,with_skill,TC5,TC5_S09,1,True,True,True,True,,,,,,,
t3_ber_v2,with_skill,TC5,TC5_S10,1,True,True,True,True,,,,,,,
t3_ber_v2,with_skill,TC5,TC5_S11,1,True,True,True,True,,,,,,,
tc30_c1_test,no_skill,TC1,TC1_S21,1,False,True,True,False,,,,,,,
tc30_c1_test,no_skill,TC1,TC1_S22,1,False,True,False,False,,,,,,,
tc30_c1_test,no_skill,TC1,TC1_S23,1,False,True,False,False,,,,,,,
tc30_c1_test,no_skill,TC1,TC1_S24,1,False,True,False,False,,,,,,,
tc30_c1_test,no_skill,TC1,TC1_S25,1,False,True,False,False,,,,,,,
tc30_c1_test,no_skill,TC1,TC1_S26,1,False,True,False,False,,,,,,,
tc30_c1_test,no_skill,TC1,TC1_S27,1,False,True,False,False,,,,,,,
tc30_c1_test,no_skill,TC1,TC1_S28,1,False,True,False,False,,,,,,,
tc30_c1_test,no_skill,TC1,TC1_S29,1,False,True,False,False,,,,,,,
tc30_c1_test,no_skill,TC1,TC1_S30,1,False,True,False,False,,,,,,,
tc30_c1_test,self_gen,TC1,TC1_S21,1,False,True,False,False,,,,,,,
tc30_c1_test,self_gen,TC1,TC1_S22,1,False,True,False,False,,,,,,,
tc30_c1_test,self_gen,TC1,TC1_S23,1,False,True,False,False,,,,,,,
tc30_c1_test,self_gen,TC1,TC1_S24,1,False,True,False,False,,,,,,,
tc30_c1_test,self_gen,TC1,TC1_S25,1,False,True,False,False,,,,,,,
tc30_c1_test,self_gen,TC1,TC1_S26,1,False,True,True,False,,,,,,,
tc30_c1_test,self_gen,TC1,TC1_S27,1,False,True,False,False,,,,,,,
tc30_c1_test,self_gen,TC1,TC1_S28,1,False,True,False,False,,,,,,,
tc30_c1_test,self_gen,TC1,TC1_S29,1,False,True,True,False,,,,,,,
tc30_c1_test,self_gen,TC1,TC1_S30,1,False,True,False,False,,,,,,,
tc30_c1_test,with_skill,TC1,TC1_S21,1,False,True,False,False,,,,,,,
tc30_c1_test,with_skill,TC1,TC1_S22,1,False,True,False,False,,,,,,,
tc30_c1_test,with_skill,TC1,TC1_S23,1,False,True,False,True,,,,,,,
tc30_c1_test,with_skill,TC1,TC1_S24,1,False,True,False,False,,,,,,,
tc30_c1_test,with_skill,TC1,TC1_S25,1,False,True,False,False,,,,,,,
tc30_c1_test,with_skill,TC1,TC1_S26,1,False,True,False,False,,,,,,,
tc30_c1_test,with_skill,TC1,TC1_S27,1,False,True,False,True,,,,,,,
tc30_c1_test,with_skill,TC1,TC1_S28,1,False,True,False,False,,,,,,,
tc30_c1_test,with_skill,TC1,TC1_S29,1,,,,,,,,,,,
tc30_c1_test,with_skill,TC1,TC1_S29,1,True,True,True,True,,,,,,,
tc30_c1_test,with_skill,TC1,TC1_S30,1,False,True,False,False,,,,,,,
tc30_c1_train,no_skill,TC1,TC1_S01,1,False,True,False,True,,,,,,,
tc30_c1_train,no_skill,TC1,TC1_S02,1,False,True,False,True,,,,,,,
tc30_c1_train,no_skill,TC1,TC1_S03,1,False,True,False,True,,,,,,,
tc30_c1_train,no_skill,TC1,TC1_S04,1,False,True,False,True,,,,,,,
tc30_c1_train,no_skill,TC1,TC1_S05,1,False,True,False,True,,,,,,,
tc30_c1_train,no_skill,TC1,TC1_S06,1,False,True,False,True,,,,,,,
tc30_c1_train,no_skill,TC1,TC1_S07,1,False,True,False,True,,,,,,,
tc30_c1_train,no_skill,TC1,TC1_S08,1,False,True,False,True,,,,,,,
tc30_c1_train,no_skill,TC1,TC1_S09,1,False,True,False,True,,,,,,,
tc30_c1_train,no_skill,TC1,TC1_S10,1,False,True,False,False,,,,,,,
tc30_c1_train,no_skill,TC1,TC1_S11,1,False,True,False,False,,,,,,,
tc30_c1_train,no_skill,TC1,TC1_S13,1,False,True,False,True,,,,,,,
tc30_c1_train,no_skill,TC1,TC1_S14,1,False,True,False,True,,,,,,,
tc30_c1_train,no_skill,TC1,TC1_S15,1,False,True,False,True,,,,,,,
tc30_c1_train,no_skill,TC1,TC1_S16,1,False,True,False,True,,,,,,,
tc30_c1_train,no_skill,TC1,TC1_S17,1,False,True,False,True,,,,,,,
tc30_c1_train,no_skill,TC1,TC1_S18,1,False,True,False,False,,,,,,,
tc30_c1_train,no_skill,TC1,TC1_S19,1,False,True,True,False,,,,,,,
tc30_c1_train,no_skill,TC1,TC1_S20,1,False,True,False,True,,,,,,,
tc30_c1_train,self_gen,TC1,TC1_S01,1,False,True,False,True,,,,,,,
tc30_c1_train,self_gen,TC1,TC1_S02,1,False,True,False,True,,,,,,,
tc30_c1_train,self_gen,TC1,TC1_S03,1,False,True,False,True,,,,,,,
tc30_c1_train,self_gen,TC1,TC1_S04,1,False,True,False,True,,,,,,,
tc30_c1_train,self_gen,TC1,TC1_S05,1,False,True,False,True,,,,,,,
tc30_c1_train,self_gen,TC1,TC1_S06,1,False,True,False,True,,,,,,,
tc30_c1_train,self_gen,TC1,TC1_S07,1,False,True,False,True,,,,,,,
tc30_c1_train,self_gen,TC1,TC1_S08,1,True,True,True,True,,,,,,,
tc30_c1_train,self_gen,TC1,TC1_S09,1,False,True,False,True,,,,,,,
tc30_c1_train,self_gen,TC1,TC1_S10,1,False,True,False,False,,,,,,,
tc30_c1_train,self_gen,TC1,TC1_S13,1,False,True,False,True,,,,,,,
tc30_c1_train,self_gen,TC1,TC1_S14,1,False,True,False,True,,,,,,,
tc30_c1_train,self_gen,TC1,TC1_S15,1,False,True,False,True,,,,,,,
tc30_c1_train,self_gen,TC1,TC1_S16,1,True,True,True,True,,,,,,,
tc30_c1_train,self_gen,TC1,TC1_S18,1,False,True,False,False,,,,,,,
tc30_c1_train,self_gen,TC1,TC1_S19,1,False,True,False,False,,,,,,,
tc30_c1_train,self_gen,TC1,TC1_S20,1,False,True,False,True,,,,,,,
tc30_c1_train,with_skill,TC1,TC1_S01,1,False,,,,,,,,,,
tc30_c1_train,with_skill,TC1,TC1_S02,1,True,True,True,True,,,,,,,
tc30_c1_train,with_skill,TC1,TC1_S03,1,True,True,True,True,,,,,,,
tc30_c1_train,with_skill,TC1,TC1_S04,1,True,True,True,True,,,,,,,
tc30_c1_train,with_skill,TC1,TC1_S05,1,True,True,True,True,,,,,,,
tc30_c1_train,with_skill,TC1,TC1_S06,1,True,True,True,True,,,,,,,
tc30_c1_train,with_skill,TC1,TC1_S07,1,True,True,True,True,,,,,,,
tc30_c1_train,with_skill,TC1,TC1_S08,1,True,True,True,True,,,,,,,
tc30_c1_train,with_skill,TC1,TC1_S09,1,True,True,True,True,,,,,,,
tc30_c1_train,with_skill,TC1,TC1_S10,1,False,True,False,False,,,,,,,
tc30_c1_train,with_skill,TC1,TC1_S11,1,False,True,False,True,,,,,,,
tc30_c1_train,with_skill,TC1,TC1_S12,1,True,True,True,True,,,,,,,
tc30_c1_train,with_skill,TC1,TC1_S13,1,True,True,True,True,,,,,,,
tc30_c1_train,with_skill,TC1,TC1_S14,1,True,True,True,True,,,,,,,
tc30_c1_train,with_skill,TC1,TC1_S15,1,True,True,True,True,,,,,,,
tc30_c1_train,with_skill,TC1,TC1_S16,1,False,,,,,,,,,,
tc30_c1_train,with_skill,TC1,TC1_S17,1,True,True,True,True,,,,,,,
tc30_c1_train,with_skill,TC1,TC1_S18,1,False,True,False,False,,,,,,,
tc30_c1_train,with_skill,TC1,TC1_S19,1,False,True,True,False,,,,,,,
tc30_c1_train,with_skill,TC1,TC1_S20,1,True,True,True,True,,,,,,,
tc30_c1_train_v6,no_skill,TC1,TC1_S01,1,False,True,False,False,,,,,,,
tc30_c1_train_v6,no_skill,TC1,TC1_S02,1,False,True,False,False,,,,,,,
tc30_c1_train_v6,no_skill,TC1,TC1_S03,1,False,True,False,False,,,,,,,
tc30_c1_train_v6,no_skill,TC1,TC1_S04,1,False,True,False,False,,,,,,,
tc30_c1_train_v6,no_skill,TC1,TC1_S05,1,False,True,False,False,,,,,,,
tc30_c1_train_v6,no_skill,TC1,TC1_S06,1,False,True,True,False,,,,,,,
tc30_c1_train_v6,no_skill,TC1,TC1_S07,1,False,True,False,False,,,,,,,
tc30_c1_train_v6,no_skill,TC1,TC1_S08,1,False,True,False,False,,,,,,,
tc30_c1_train_v6,no_skill,TC1,TC1_S09,1,False,True,False,False,,,,,,,
tc30_c1_train_v6,no_skill,TC1,TC1_S10,1,False,True,False,False,,,,,,,
tc30_c1_train_v6,no_skill,TC1,TC1_S12,1,False,True,False,False,,,,,,,
tc30_c1_train_v6,no_skill,TC1,TC1_S13,1,False,True,True,False,,,,,,,
tc30_c1_train_v6,no_skill,TC1,TC1_S14,1,False,True,False,False,,,,,,,
tc30_c1_train_v6,no_skill,TC1,TC1_S15,1,False,True,False,False,,,,,,,
tc30_c1_train_v6,no_skill,TC1,TC1_S16,1,False,True,False,False,,,,,,,
tc30_c1_train_v6,no_skill,TC1,TC1_S17,1,False,True,False,False,,,,,,,
tc30_c1_train_v6,no_skill,TC1,TC1_S18,1,False,True,False,False,,,,,,,
tc30_c1_train_v6,no_skill,TC1,TC1_S19,1,False,True,False,False,,,,,,,
tc30_c1_train_v6,no_skill,TC1,TC1_S20,1,False,True,True,False,,,,,,,
tc30_c1_train_v6,self_gen,TC1,TC1_S01,1,False,True,False,False,,,,,,,
tc30_c1_train_v6,self_gen,TC1,TC1_S02,1,False,True,False,False,,,,,,,
tc30_c1_train_v6,self_gen,TC1,TC1_S03,1,False,True,False,False,,,,,,,
tc30_c1_train_v6,self_gen,TC1,TC1_S04,1,False,True,False,False,,,,,,,
tc30_c1_train_v6,self_gen,TC1,TC1_S05,1,False,True,False,False,,,,,,,
tc30_c1_train_v6,self_gen,TC1,TC1_S06,1,False,True,False,False,,,,,,,
tc30_c1_train_v6,self_gen,TC1,TC1_S07,1,False,True,False,False,,,,,,,
tc30_c1_train_v6,self_gen,TC1,TC1_S08,1,False,True,False,False,,,,,,,
tc30_c1_train_v6,self_gen,TC1,TC1_S09,1,False,True,True,False,,,,,,,
tc30_c1_train_v6,self_gen,TC1,TC1_S13,1,False,True,False,False,,,,,,,
tc30_c1_train_v6,self_gen,TC1,TC1_S14,1,False,True,False,False,,,,,,,
tc30_c1_train_v6,self_gen,TC1,TC1_S15,1,False,True,False,False,,,,,,,
tc30_c1_train_v6,self_gen,TC1,TC1_S16,1,False,True,True,False,,,,,,,
tc30_c1_train_v6,self_gen,TC1,TC1_S17,1,False,True,True,False,,,,,,,
tc30_c1_train_v6,self_gen,TC1,TC1_S18,1,False,True,True,False,,,,,,,
tc30_c1_train_v6,self_gen,TC1,TC1_S20,1,False,True,False,False,,,,,,,
tc30_c1_train_v6,with_skill,TC1,TC1_S01,1,True,True,True,True,,,,,,,
tc30_c1_train_v6,with_skill,TC1,TC1_S02,1,True,True,True,True,,,,,,,
tc30_c1_train_v6,with_skill,TC1,TC1_S03,1,False,True,False,True,,,,,,,
tc30_c1_train_v6,with_skill,TC1,TC1_S04,1,True,True,True,True,,,,,,,
tc30_c1_train_v6,with_skill,TC1,TC1_S05,1,True,True,True,True,,,,,,,
tc30_c1_train_v6,with_skill,TC1,TC1_S06,1,True,True,True,True,,,,,,,
tc30_c1_train_v6,with_skill,TC1,TC1_S07,1,True,True,True,True,,,,,,,
tc30_c1_train_v6,with_skill,TC1,TC1_S08,1,False,True,False,True,,,,,,,
tc30_c1_train_v6,with_skill,TC1,TC1_S09,1,True,True,True,True,,,,,,,
tc30_c1_train_v6,with_skill,TC1,TC1_S10,1,True,True,True,True,,,,,,,
tc30_c1_train_v6,with_skill,TC1,TC1_S11,1,False,True,False,True,,,,,,,
tc30_c1_train_v6,with_skill,TC1,TC1_S12,1,True,True,True,True,,,,,,,
tc30_c1_train_v6,with_skill,TC1,TC1_S13,1,True,True,True,True,,,,,,,
tc30_c1_train_v6,with_skill,TC1,TC1_S14,1,False,True,False,True,,,,,,,
tc30_c1_train_v6,with_skill,TC1,TC1_S15,1,True,True,True,True,,,,,,,
tc30_c1_train_v6,with_skill,TC1,TC1_S16,1,False,True,False,True,,,,,,,
tc30_c1_train_v6,with_skill,TC1,TC1_S17,1,True,True,True,True,,,,,,,
tc30_c1_train_v6,with_skill,TC1,TC1_S18,1,True,True,True,True,,,,,,,
tc30_c1_train_v6,with_skill,TC1,TC1_S19,1,True,True,True,True,,,,,,,
tc30_c1_train_v6,with_skill,TC1,TC1_S20,1,False,True,False,True,,,,,,,
tc_c1_train,no_skill,TcE001,TcE001,1,False,True,False,True,,,,,,,
tc_c1_train,no_skill,TcE002,TcE002,1,False,True,False,True,,,,,,,
tc_c1_train,no_skill,TcE003,TcE003,1,False,True,False,True,,,,,,,
tc_c1_train,no_skill,TcE004,TcE004,1,False,True,False,True,,,,,,,
tc_c1_train,no_skill,TcE005,TcE005,1,True,True,True,True,,,,,,,
tc_c1_train,no_skill,TcE006,TcE006,1,False,True,False,True,,,,,,,
tc_c1_train,no_skill,TcH001,TcH001,1,False,True,False,True,,,,,,,
tc_c1_train,no_skill,TcH002,TcH002,1,False,True,False,True,,,,,,,
tc_c1_train,self_gen,TcE001,TcE001,1,False,True,False,True,,,,,,,
tc_c1_train,self_gen,TcE002,TcE002,1,False,True,False,True,,,,,,,
tc_c1_train,self_gen,TcE003,TcE003,1,False,True,False,True,,,,,,,
tc_c1_train,self_gen,TcE004,TcE004,1,False,True,False,True,,,,,,,
tc_c1_train,self_gen,TcE005,TcE005,1,True,True,True,True,,,,,,,
tc_c1_train,self_gen,TcE006,TcE006,1,False,True,False,True,,,,,,,
tc_c1_train,self_gen,TcH001,TcH001,1,False,True,False,True,,,,,,,
tc_c1_train,with_skill,TcE001,TcE001,1,True,True,True,True,,,,,,,
tc_c1_train,with_skill,TcE002,TcE002,1,False,True,False,True,,,,,,,
tc_c1_train,with_skill,TcE003,TcE003,1,True,True,True,True,,,,,,,
tc_c1_train,with_skill,TcE004,TcE004,1,False,True,False,True,,,,,,,
tc_c1_train,with_skill,TcE005,TcE005,1,False,True,False,True,,,,,,,
tc_c1_train,with_skill,TcE006,TcE006,1,True,True,True,True,,,,,,,
tc_c1_train,with_skill,TcH001,TcH001,1,True,True,True,True,,,,,,,
tc_c1_train,with_skill,TcH002,TcH002,1,True,True,True,True,,,,,,,
tc_scene_check,with_skill,TCsc,TCsc_S02,1,True,True,True,,,,,,,,
tc_scene_check,with_skill,TCsc,TCsc_S03,1,False,True,False,,,,,,,,
tc_scene_check,with_skill,TCsc,TCsc_S04,1,False,True,False,,,,,,,,
tc_scene_check,with_skill,TCsc,TCsc_S05,1,False,True,False,,,,,,,,
tc_scene_check,with_skill,TCsc,TCsc_S06,1,False,True,False,,,,,,,,
tc_scene_check,with_skill,TCsc,TCsc_S08,1,True,True,True,,,,,,,,
tc_scene_check,with_skill,TCsc,TCsc_S09,1,True,True,True,,,,,,,,
tc_scene_check,with_skill,TCsc,TCsc_S10,1,True,True,True,,,,,,,,
tc_scene_check,with_skill,TCsc,TCsc_S11,1,True,True,True,,,,,,,,
tc_scene_check,with_skill,TCsc,TCsc_S12,1,False,True,False,,,,,,,,
tc_scene_check,with_skill,TCsc,TCsc_S13,1,False,True,False,,,,,,,,
tc_scene_check,with_skill,TCsc,TCsc_S14,1,False,True,False,,,,,,,,
tc_scene_check,with_skill,TCsc,TCsc_S15,1,True,True,True,,,,,,,,
tc_scene_check,with_skill,TCsc,TCsc_S16,1,True,True,True,,,,,,,,
tc_scene_check,with_skill,TCsc,TCsc_S17,1,True,True,True,,,,,,,,
tc_scene_check,with_skill,TCsc,TCsc_S18,1,True,True,True,,,,,,,,
tc_scene_check,with_skill,TCsc,TCsc_S20,1,True,True,True,,,,,,,,
tc_scene_check,with_skill,TCsc,TCsc_S21,1,True,True,True,,,,,,,,
tc_scene_check,with_skill,TCsc,TCsc_S23,1,True,True,True,,,,,,,,
tc_scene_check,with_skill,TCsc,TCsc_S24,1,True,True,True,,,,,,,,
tc_scene_check,with_skill,TCsc,TCsc_S26,1,True,True,True,,,,,,,,
tc_scene_check,with_skill,TCsc,TCsc_S27,1,True,True,True,,,,,,,,
tc_scene_check,with_skill,TCsc,TCsc_S28,1,True,True,True,,,,,,,,
tc_scene_check,with_skill,TCsc,TCsc_S29,1,True,True,True,,,,,,,,
tc_scene_check,with_skill,TCsc,TCsc_S30,1,True,True,True,,,,,,,,
